time,status,face_found,lm106,calib,ear,left,right,ear_base,ear_th,mar,mar_base,mar_th,head,head_base,eye,yawn,head_down,feature_ms
1787468680.188,NORMAL,1,1,1,0.3350,0.3190,0.3100,0.4040,0.2630,0.4570,0.4680,0.8420,0.0000,0.4790,0,0,0,0.025
1787468680.670,NORMAL,1,1,1,0.3160,0.3060,0.3060,0.4040,0.2630,0.4470,0.4680,0.8420,0.0000,0.4790,0,0,0,0.019
1787468680.952,NORMAL,1,1,1,0.3160,0.3060,0.3060,0.4040,0.2630,0.4470,0.4680,0.8420,0.0000,0.4790,0,0,0,0.019
1787468681.233,NORMAL,1,1,1,0.3210,0.3250,0.3230,0.4040,0.2630,0.4610,0.4680,0.8420,0.0000,0.4790,0,0,0,0.031
1787468681.515,NORMAL,1,1,1,0.3830,0.5000,0.3330,0.4040,0.2630,0.5010,0.4680,0.8420,0.0220,0.4790,0,0,0,0.021
1787468681.791,NORMAL,1,1,1,0.3350,0.3150,0.3040,0.4040,0.2630,0.4700,0.4680,0.8420,0.0000,0.4790,0,0,0,0.023
1787468682.080,NORMAL,1,1,1,0.3640,0.3430,0.4150,0.4040,0.2630,0.4690,0.4680,0.8420,0.0000,0.4790,0,0,0,0.021
1787468682.359,NORMAL,1,1,1,0.3430,0.3260,0.3370,0.4040,0.2630,0.4820,0.4680,0.8420,0.0000,0.4790,0,0,0,0.067
1787468682.646,NORMAL,1,1,1,0.3380,0.3300,0.3400,0.4040,0.2630,0.4640,0.4680,0.8420,0.0000,0.4790,0,0,0,0.022
1787468682.918,NORMAL,1,1,1,0.3440,0.3520,0.3420,0.4040,0.2630,0.4580,0.4680,0.8420,0.0000,0.4790,0,0,0,0.022
1787468683.192,NORMAL,1,1,1,0.3360,0.3330,0.3300,0.4040,0.2630,0.4420,0.4680,0.8420,0.0000,0.4790,0,0,0,0.026
1787468683.460,NORMAL,1,1,1,0.3390,0.3510,0.3300,0.4040,0.2630,0.4470,0.4680,0.8420,0.0000,0.4790,0,0,0,0.021
1787468683.762,NORMAL,1,1,1,0.3390,0.3510,0.3300,0.4040,0.2630,0.4470,0.4680,0.8420,0.0000,0.4790,0,0,0,0.021
1787468684.053,NORMAL,1,1,1,0.3590,0.3420,0.3510,0.4040,0.2630,0.4540,0.4680,0.8420,0.0000,0.4790,0,0,0,0.029
1787468684.325,NORMAL,1,1,1,0.3900,0.4560,0.3570,0.4040,0.2630,0.4470,0.4680,0.8420,0.0000,0.4790,0,0,0,0.023
1787468684.612,NORMAL,1,1,1,0.3510,0.3260,0.3330,0.4040,0.2630,0.4480,0.4680,0.8420,0.0000,0.4790,0,0,0,0.026
1787468684.898,NORMAL,1,1,1,0.3890,0.5330,0.2850,0.4040,0.2630,0.5300,0.4680,0.8420,0.0000,0.4790,0,0,0,0.022
1787468685.175,NORMAL,1,1,1,0.3350,0.2960,0.3170,0.4040,0.2630,0.4520,0.4680,0.8420,0.0000,0.4790,0,0,0,0.029
1787468685.462,NORMAL,1,1,1,0.3320,0.3160,0.3430,0.4040,0.2630,0.4210,0.4680,0.8420,0.0000,0.4790,0,0,0,0.021
1787468685.745,NORMAL,1,1,1,0.3170,0.3000,0.3170,0.4040,0.2630,0.4340,0.4680,0.8420,0.0000,0.4790,0,0,0,0.021
1787468686.034,NORMAL,1,1,1,0.3070,0.2970,0.3080,0.4040,0.2630,0.4440,0.4680,0.8420,0.0000,0.4790,0,0,0,0.021
1787468686.318,NORMAL,1,1,1,0.3070,0.2970,0.3080,0.4040,0.2630,0.4440,0.4680,0.8420,0.0000,0.4790,0,0,0,0.021
1787468686.590,NORMAL,1,1,1,0.3140,0.3060,0.3300,0.4040,0.2630,0.4290,0.4680,0.8420,0.0000,0.4790,0,0,0,0.025
1787468686.873,NORMAL,1,1,1,0.3840,0.5000,0.3430,0.4040,0.2630,0.4480,0.4680,0.8420,0.0000,0.4790,0,0,0,0.023
1787468687.156,NORMAL,1,1,1,0.3830,0.4000,0.3500,0.4040,0.2630,0.4200,0.4680,0.8420,0.0000,0.4790,0,0,0,0.022
1787468687.448,NORMAL,1,1,1,0.3830,0.4000,0.3500,0.4040,0.2630,0.4200,0.4680,0.8420,0.0000,0.4790,0,0,0,0.022
1787468687.731,NORMAL,1,1,1,0.3560,0.3440,0.3400,0.4040,0.2630,0.4170,0.4680,0.8420,0.0000,0.4790,0,0,0,0.022
1787468688.017,NORMAL,1,1,1,0.3430,0.3230,0.3500,0.4040,0.2630,0.4200,0.4680,0.8420,0.0000,0.4790,0,0,0,0.021
1787468688.305,NORMAL,1,1,1,0.3080,0.2960,0.3000,0.4040,0.2630,0.4260,0.4680,0.8420,0.0000,0.4790,0,0,0,0.020
1787468688.592,NORMAL,1,1,1,0.3050,0.3020,0.3060,0.4040,0.2630,0.4360,0.4680,0.8420,0.0000,0.4790,0,0,0,0.025
1787468688.879,NORMAL,1,1,1,0.3050,0.3020,0.3060,0.4040,0.2630,0.4360,0.4680,0.8420,0.0000,0.4790,0,0,0,0.025
1787468689.158,NORMAL,1,1,1,0.3040,0.2960,0.3100,0.4040,0.2630,0.4370,0.4680,0.8420,0.0000,0.4790,0,0,0,0.022
1787468689.437,NORMAL,1,1,1,0.3090,0.3060,0.3200,0.4040,0.2630,0.4270,0.4680,0.8420,0.0000,0.4790,0,0,0,0.025
1787468689.707,NORMAL,1,1,1,0.3060,0.2900,0.3200,0.4040,0.2630,0.4180,0.4680,0.8420,0.0000,0.4790,0,0,0,0.020
1787468689.986,NORMAL,1,1,1,0.3220,0.3230,0.3370,0.4040,0.2630,0.3930,0.4680,0.8420,0.0000,0.4790,0,0,0,0.025
1787468690.284,NORMAL,1,1,1,0.3220,0.3230,0.3370,0.4040,0.2630,0.3930,0.4680,0.8420,0.0000,0.4790,0,0,0,0.025
1787468690.564,NORMAL,1,1,1,0.3250,0.3260,0.3370,0.4040,0.2630,0.3790,0.4680,0.8420,0.0000,0.4790,0,0,0,0.022
1787468690.851,NORMAL,1,1,1,0.3290,0.3300,0.3330,0.4040,0.2630,0.3900,0.4680,0.8420,0.0000,0.4790,0,0,0,0.023
1787468691.142,NORMAL,1,1,1,0.3970,0.5370,0.3300,0.4040,0.2630,0.4160,0.4680,0.8420,0.0000,0.4790,0,0,0,0.024
1787468691.415,NORMAL,1,1,1,0.3570,0.3330,0.3370,0.4040,0.2630,0.4060,0.4680,0.8420,0.0000,0.4790,0,0,0,0.019
1787468691.691,NORMAL,1,1,1,0.3570,0.3330,0.3370,0.4040,0.2630,0.4060,0.4680,0.8420,0.0000,0.4790,0,0,0,0.019
1787468691.980,NORMAL,1,1,1,0.4010,0.5170,0.3330,0.4040,0.2630,0.4180,0.4680,0.8420,0.0000,0.4790,0,0,0,0.023
1787468692.262,NORMAL,1,1,1,0.4110,0.4840,0.3330,0.4040,0.2630,0.4140,0.4680,0.8420,0.0000,0.4790,0,0,0,0.022
1787468692.554,NORMAL,1,1,1,0.4260,0.5170,0.3500,0.4040,0.2630,0.4180,0.4680,0.8420,0.0000,0.4790,0,0,0,0.021
1787468692.833,NORMAL,1,1,1,0.4260,0.5170,0.3500,0.4040,0.2630,0.4180,0.4680,0.8420,0.0000,0.4790,0,0,0,0.021
1787468693.127,NORMAL,1,1,1,0.5680,1.0000,0.2890,0.4040,0.2630,0.4910,0.4680,0.8420,0.0000,0.4790,0,0,0,0.021
1787468693.410,NORMAL,1,1,1,0.4820,0.5620,0.3100,0.4040,0.2630,0.4650,0.4680,0.8420,0.0000,0.4790,0,0,0,0.028
1787468693.702,NORMAL,1,1,1,0.4330,0.5650,0.3100,0.4040,0.2630,0.4610,0.4680,0.8420,0.0000,0.4790,0,0,0,0.021
1787468693.983,NORMAL,1,1,1,0.4520,0.6140,0.3100,0.4040,0.2630,0.4820,0.4680,0.8420,0.0000,0.4790,0,0,0,0.024
1787468694.275,NORMAL,1,1,1,0.4520,0.6140,0.3100,0.4040,0.2630,0.4820,0.4680,0.8420,0.0000,0.4790,0,0,0,0.024
1787468694.562,NORMAL,1,1,1,0.4280,0.6190,0.3100,0.4040,0.2630,0.4630,0.4680,0.8420,0.0000,0.4790,0,0,0,0.022
1787468694.842,NORMAL,1,1,1,0.4700,0.6750,0.3100,0.4040,0.2630,0.4790,0.4680,0.8420,0.0000,0.4790,0,0,0,0.026
1787468695.124,NORMAL,1,1,1,0.4600,0.5870,0.3240,0.4040,0.2630,0.4800,0.4680,0.8420,0.0000,0.4790,0,0,0,0.021
1787468695.404,NORMAL,1,1,1,0.4600,0.5870,0.3240,0.4040,0.2630,0.4800,0.4680,0.8420,0.0000,0.4790,0,0,0,0.021
1787468695.680,NORMAL,1,1,1,0.3430,0.3370,0.3400,0.4040,0.2630,0.4190,0.4680,0.8420,0.0000,0.4790,0,0,0,0.021
1787468695.959,NORMAL,1,1,1,0.3670,0.3080,0.4500,0.4040,0.2630,0.4120,0.4680,0.8420,0.0000,0.4790,0,0,0,0.025
1787468696.243,NORMAL,1,1,1,0.3160,0.2830,0.2950,0.4040,0.2630,0.4200,0.4680,0.8420,0.0000,0.4790,0,0,0,0.021
1787468696.533,NORMAL,1,1,1,0.3240,0.3160,0.3400,0.4040,0.2630,0.4160,0.4680,0.8420,0.0000,0.4790,0,0,0,0.024
1787468696.810,NORMAL,1,1,1,0.3240,0.3160,0.3400,0.4040,0.2630,0.4160,0.4680,0.8420,0.0000,0.4790,0,0,0,0.024
1787468697.088,NORMAL,1,1,1,0.3690,0.3020,0.4190,0.4040,0.2630,0.4270,0.4680,0.8420,0.0000,0.4790,0,0,0,0.020
1787468697.352,NORMAL,1,1,1,0.4240,0.5830,0.3250,0.4040,0.2630,0.4500,0.4680,0.8420,0.0000,0.4790,0,0,0,0.022
1787468697.625,NORMAL,1,1,1,0.3970,0.3140,0.4520,0.4040,0.2630,0.4380,0.4680,0.8420,0.0000,0.4790,0,0,0,0.021
1787468697.910,NORMAL,1,1,1,0.3970,0.3140,0.4520,0.4040,0.2630,0.4380,0.4680,0.8420,0.0000,0.4790,0,0,0,0.021
1787468698.199,NORMAL,1,1,1,0.3560,0.3370,0.3300,0.4040,0.2630,0.4380,0.4680,0.8420,0.0000,0.4790,0,0,0,0.025
1787468698.478,NORMAL,1,1,1,0.3270,0.3100,0.3140,0.4040,0.2630,0.4380,0.4680,0.8420,0.0000,0.4790,0,0,0,0.021
1787468698.749,NORMAL,1,1,1,0.3560,0.3020,0.4400,0.4040,0.2630,0.4290,0.4680,0.8420,0.0000,0.4790,0,0,0,0.021
1787468699.041,NORMAL,1,1,1,0.3690,0.2970,0.4510,0.4040,0.2630,0.4430,0.4680,0.8420,0.0000,0.4790,0,0,0,0.028
1787468699.318,NORMAL,1,1,1,0.3690,0.2970,0.4510,0.4040,0.2630,0.4430,0.4680,0.8420,0.0000,0.4790,0,0,0,0.028
1787468699.615,NORMAL,1,1,1,0.3230,0.2930,0.3030,0.4040,0.2630,0.4440,0.4680,0.8420,0.0000,0.4790,0,0,0,0.022
1787468699.903,NORMAL,1,1,1,0.2120,0.0000,0.3030,0.4040,0.2630,0.5710,0.4680,0.8420,0.0000,0.4790,0,0,0,0.020
1787468700.175,NORMAL,1,1,1,0.3180,0.3020,0.4500,0.4040,0.2630,0.4750,0.4680,0.8420,0.0000,0.4790,0,0,0,0.030
1787468700.462,NORMAL,1,1,1,0.3540,0.2970,0.4510,0.4040,0.2630,0.4430,0.4680,0.8420,0.0000,0.4790,0,0,0,0.024
1787468700.742,NORMAL,1,1,1,0.3870,0.3100,0.5000,0.4040,0.2630,0.4300,0.4680,0.8420,0.0000,0.4790,0,0,0,0.024
1787468701.015,NORMAL,1,1,1,0.3880,0.3020,0.4740,0.4040,0.2630,0.4260,0.4680,0.8420,0.0000,0.4790,0,0,0,0.021
1787468701.293,NORMAL,1,1,1,0.3980,0.3100,0.4860,0.4040,0.2630,0.4260,0.4680,0.8420,0.0000,0.4790,0,0,0,0.027
1787468701.575,NORMAL,1,1,1,0.3980,0.3100,0.4860,0.4040,0.2630,0.4260,0.4680,0.8420,0.0000,0.4790,0,0,0,0.027
1787468701.852,NORMAL,1,1,1,0.3310,0.2880,0.3030,0.4040,0.2630,0.4350,0.4680,0.8420,0.0000,0.4790,0,0,0,0.021
1787468702.140,NORMAL,1,1,1,0.3600,0.4270,0.3250,0.4040,0.2630,0.4160,0.4680,0.8420,0.0000,0.4790,0,0,0,0.022
1787468702.428,NORMAL,1,1,1,0.3860,0.4860,0.3140,0.4040,0.2630,0.4210,0.4680,0.8420,0.0000,0.4790,0,0,0,0.026
1787468702.718,NORMAL,1,1,1,0.3390,0.3060,0.3200,0.4040,0.2630,0.4320,0.4680,0.8420,0.0000,0.4790,0,0,0,0.022
1787468702.994,NORMAL,1,1,1,0.3950,0.3050,0.5450,0.4040,0.2630,0.4270,0.4680,0.8420,0.0000,0.4790,0,0,0,0.022
1787468703.273,NORMAL,1,1,1,0.3980,0.4720,0.3280,0.4040,0.2630,0.4270,0.4680,0.8420,0.0000,0.4790,0,0,0,0.029
1787468703.546,NORMAL,1,1,1,0.3940,0.2830,0.5000,0.4040,0.2630,0.4280,0.4680,0.8420,0.0000,0.4790,0,0,0,0.028
1787468703.824,NORMAL,1,1,1,0.3430,0.3150,0.3170,0.4040,0.2630,0.4170,0.4680,0.8420,0.0000,0.4790,0,0,0,0.030
1787468704.103,NORMAL,1,1,1,0.5430,1.0000,0.3010,0.4040,0.2630,0.4430,0.4680,0.8420,0.0000,0.4790,0,0,0,0.020
1787468704.389,NORMAL,1,1,1,0.2900,0.0000,0.3060,0.4040,0.2630,1.0040,0.4680,0.8420,0.0000,0.4790,0,0,0,0.024
1787468704.670,NORMAL,1,1,1,0.3520,0.4660,0.3040,0.4040,0.2630,0.6670,0.4680,0.8420,0.0000,0.4790,0,0,0,0.030
1787468704.947,NORMAL,1,1,1,0.2140,0.0000,0.2790,0.4040,0.2630,1.1000,0.4680,0.8420,0.0000,0.4790,0,0,0,0.021
1787468705.228,NORMAL,1,1,1,0.1780,0.0000,0.3160,0.4040,0.2630,1.1800,0.4680,0.8420,0.0000,0.4790,0,0,0,0.020
1787468705.520,YAWN,1,1,1,0.2800,0.3750,0.2940,0.4040,0.2630,0.8430,0.4680,0.8420,0.0000,0.4790,0,1,0,0.022
1787468705.996,YAWN,1,1,1,0.2960,0.3230,0.2870,0.4040,0.2630,0.6520,0.4680,0.8420,0.0000,0.4790,0,1,0,0.024
1787468706.282,NORMAL,1,1,1,0.3110,0.3410,0.2800,0.4040,0.2630,0.5700,0.4680,0.8420,0.0000,0.4790,0,0,0,0.023
1787468706.735,NORMAL,1,1,1,0.3190,0.3680,0.2800,0.4040,0.2630,0.5600,0.4680,0.8420,0.0000,0.4790,0,0,0,0.027
1787468707.018,NORMAL,1,1,1,0.3190,0.3680,0.2800,0.4040,0.2630,0.5600,0.4680,0.8420,0.0000,0.4790,0,0,0,0.027
1787468707.294,NORMAL,1,1,1,0.3240,0.3560,0.2970,0.4040,0.2630,0.5410,0.4680,0.8420,0.0000,0.4790,0,0,0,0.022
1787468707.574,NORMAL,1,1,1,0.3040,0.2870,0.3000,0.4040,0.2630,0.4310,0.4680,0.8420,0.0000,0.4790,0,0,0,0.025
1787468707.847,NORMAL,1,1,1,0.2830,0.2590,0.2860,0.4040,0.2630,0.4210,0.4680,0.8420,0.0000,0.4790,0,0,0,0.039
1787468708.121,NORMAL,1,1,1,0.2830,0.2860,0.2800,0.4040,0.2630,0.4120,0.4680,0.8420,0.0000,0.4790,0,0,0,0.027
1787468708.417,NORMAL,1,1,1,0.3930,0.5960,0.3070,0.4040,0.2630,0.3920,0.4680,0.8420,0.0000,0.4790,0,0,0,0.029
1787468708.717,NORMAL,1,1,1,0.3430,0.3600,0.2730,0.4040,0.2630,0.3780,0.4680,0.8420,0.0000,0.4790,0,0,0,0.021
1787468709.001,NORMAL,1,1,1,0.3550,0.4380,0.2860,0.4040,0.2630,0.3740,0.4680,0.8420,0.0000,0.4790,0,0,0,0.021
1787468709.283,NORMAL,1,1,1,0.3120,0.2750,0.3030,0.4040,0.2630,0.3670,0.4680,0.8420,0.0000,0.4790,0,0,0,0.029
1787468709.553,NORMAL,1,1,1,0.2930,0.2640,0.3010,0.4040,0.2630,0.3890,0.4680,0.8420,0.0000,0.4790,0,0,0,0.021
1787468709.836,NORMAL,1,1,1,0.2800,0.2640,0.2820,0.4040,0.2630,0.3890,0.4680,0.8420,0.0000,0.4790,0,0,0,0.026
1787468710.120,NORMAL,1,1,1,0.3180,0.4000,0.2780,0.4040,0.2630,0.3760,0.4680,0.8420,0.0000,0.4790,0,0,0,0.019
1787468710.393,NORMAL,1,1,1,0.2830,0.2580,0.2690,0.4040,0.2630,0.3900,0.4680,0.8420,0.0000,0.4790,0,0,0,0.022
1787468710.679,NORMAL,1,1,1,0.2780,0.2640,0.2860,0.4040,0.2630,0.3970,0.4680,0.8420,0.0000,0.4790,0,0,0,0.018
1787468710.961,NORMAL,1,1,1,0.3250,0.4100,0.2900,0.4040,0.2630,0.3740,0.4680,0.8420,0.0000,0.4790,0,0,0,0.027
1787468711.233,NORMAL,1,1,1,0.3020,0.2930,0.2880,0.4040,0.2630,0.3710,0.4680,0.8420,0.0000,0.4790,0,0,0,0.021
1787468711.511,NORMAL,1,1,1,0.5170,1.0000,0.2660,0.4040,0.2630,0.3970,0.4680,0.8420,0.1140,0.4790,0,0,0,0.020
1787468711.784,NORMAL,1,1,1,0.3600,0.2690,0.2820,0.4040,0.2630,0.4080,0.4680,0.8420,0.0000,0.4790,0,0,0,0.022
1787468712.056,NORMAL,1,1,1,0.3260,0.3370,0.2780,0.4040,0.2630,0.3910,0.4680,0.8420,0.0000,0.4790,0,0,0,0.023
1787468712.338,NORMAL,1,1,1,0.3260,0.3370,0.2780,0.4040,0.2630,0.3910,0.4680,0.8420,0.0000,0.4790,0,0,0,0.023
1787468712.614,NORMAL,1,1,1,0.2830,0.2580,0.2620,0.4040,0.2630,0.3740,0.4680,0.8420,0.0000,0.4790,0,0,0,0.020
1787468712.881,NORMAL,1,1,1,0.3250,0.4130,0.2780,0.4040,0.2630,0.3720,0.4680,0.8420,0.0000,0.4790,0,0,0,0.021
1787468713.160,NORMAL,1,1,1,0.3000,0.2850,0.2880,0.4040,0.2630,0.4050,0.4680,0.8420,0.0000,0.4790,0,0,0,0.020
1787468713.442,NORMAL,1,1,1,0.3480,0.4770,0.2690,0.4040,0.2630,0.4010,0.4680,0.8420,0.0000,0.4790,0,0,0,0.018
1787468713.712,NORMAL,1,1,1,0.3480,0.4770,0.2690,0.4040,0.2630,0.4010,0.4680,0.8420,0.0000,0.4790,0,0,0,0.018
1787468713.985,NORMAL,1,1,1,0.3420,0.4000,0.2780,0.4040,0.2630,0.4220,0.4680,0.8420,0.0000,0.4790,0,0,0,0.022
1787468714.253,NORMAL,1,1,1,0.2130,0.0000,0.2860,0.4040,0.2630,0.4730,0.4680,0.8420,0.0000,0.4790,0,0,0,0.026
1787468714.532,NORMAL,1,1,1,0.1710,0.0000,0.2980,0.4040,0.2630,0.9340,0.4680,0.8420,0.0000,0.4790,0,0,0,0.022
1787468714.808,NORMAL,1,1,1,0.1490,0.0000,0.2730,0.4040,0.2630,1.2660,0.4680,0.8420,0.0000,0.4790,0,0,0,0.028
1787468715.082,NORMAL,1,1,1,0.1490,0.0000,0.2980,0.4040,0.2630,1.2350,0.4680,0.8420,0.0000,0.4790,0,0,0,0.021
1787468715.364,NORMAL,1,1,1,0.1570,0.0000,0.3220,0.4040,0.2630,0.7930,0.4680,0.8420,0.0000,0.4790,0,0,0,0.023
1787468715.635,YAWN,1,1,1,0.3990,0.7730,0.2870,0.4040,0.2630,0.6350,0.4680,0.8420,0.0000,0.4790,0,1,0,0.025
1787468716.095,NORMAL,1,1,1,0.2480,0.0000,0.2830,0.4040,0.2630,1.1390,0.4680,0.8420,0.0000,0.4790,0,0,0,0.028
1787468716.565,NORMAL,1,1,1,0.3840,0.6330,0.2810,0.4040,0.2630,0.8100,0.4680,0.8420,0.0000,0.4790,0,0,0,0.021
1787468716.838,NORMAL,1,1,1,0.3840,0.6330,0.2810,0.4040,0.2630,0.8100,0.4680,0.8420,0.0000,0.4790,0,0,0,0.021
1787468717.111,NORMAL,1,1,1,0.2280,0.0000,0.2890,0.4040,0.2630,1.1010,0.4680,0.8420,0.0000,0.4790,0,0,0,0.024
1787468717.387,YAWN,1,1,1,0.3460,0.5260,0.2920,0.4040,0.2630,0.7750,0.4680,0.8420,0.0000,0.4790,0,1,0,0.021
1787468717.854,YAWN,1,1,1,0.3750,0.5000,0.2810,0.4040,0.2630,0.6510,0.4680,0.8420,0.0000,0.4790,0,1,0,0.022
1787468718.130,YAWN,1,1,1,0.2250,0.0000,0.2870,0.4040,0.2630,1.0950,0.4680,0.8420,0.0000,0.4790,0,1,0,0.020
1787468718.404,NORMAL,1,1,1,0.3030,0.4140,0.2380,0.4040,0.2630,0.4490,0.4680,0.8420,0.0460,0.4790,0,0,0,0.021
1787468718.848,NORMAL,1,1,1,0.5170,1.0000,0.2660,0.4040,0.2630,0.3790,0.4680,0.8420,0.0440,0.4790,0,0,0,0.063
1787468719.127,NORMAL,1,1,1,0.5170,1.0000,0.2660,0.4040,0.2630,0.3790,0.4680,0.8420,0.0440,0.4790,0,0,0,0.063
1787468719.405,NORMAL,1,1,1,0.4360,0.4680,0.3150,0.4040,0.2630,0.3570,0.4680,0.8420,0.0000,0.4790,0,0,0,0.022
1787468719.687,NORMAL,1,1,1,0.3800,0.4050,0.2950,0.4040,0.2630,0.3580,0.4680,0.8420,0.0000,0.4790,0,0,0,0.022
1787468719.959,NORMAL,1,1,1,0.3500,0.3440,0.3230,0.4040,0.2630,0.3700,0.4680,0.8420,0.0000,0.4790,0,0,0,0.024
1787468720.235,NORMAL,1,1,1,0.3140,0.3210,0.2700,0.4040,0.2630,0.3660,0.4680,0.8420,0.0600,0.4790,0,0,0,0.022
1787468720.512,NORMAL,1,1,1,0.3140,0.3210,0.2700,0.4040,0.2630,0.3660,0.4680,0.8420,0.0600,0.4790,0,0,0,0.022
1787468720.791,NORMAL,1,1,1,0.3590,0.4860,0.2940,0.4040,0.2630,0.3580,0.4680,0.8420,0.0000,0.4790,0,0,0,0.020
1787468721.059,NORMAL,1,1,1,0.3220,0.3160,0.2880,0.4040,0.2630,0.3770,0.4680,0.8420,0.0000,0.4790,0,0,0,0.021
1787468721.351,NO_FACE,0,0,1,0.0000,0.0000,0.0000,0.0000,0.0000,0.0000,0.0000,0.0000,0.0000,0.0000,0,0,0,0.002
1787468721.819,NORMAL,1,1,1,0.2990,0.3020,0.2720,0.4040,0.2630,0.4010,0.4680,0.8420,0.1150,0.4790,0,0,0,0.019
1787468722.285,NORMAL,1,1,1,0.3160,0.3670,0.2840,0.4040,0.2630,0.3870,0.4680,0.8420,0.0000,0.4790,0,0,0,0.026
1787468722.562,NORMAL,1,1,1,0.2880,0.2720,0.2750,0.4040,0.2630,0.4090,0.4680,0.8420,0.0000,0.4790,0,0,0,0.021
1787468722.844,NORMAL,1,1,1,0.2970,0.3070,0.2970,0.4040,0.2630,0.4040,0.4680,0.8420,0.0000,0.4790,0,0,0,0.020
1787468723.129,NORMAL,1,1,1,0.2970,0.3070,0.2970,0.4040,0.2630,0.4040,0.4680,0.8420,0.0000,0.4790,0,0,0,0.020
1787468723.409,NORMAL,1,1,1,0.2980,0.2860,0.3100,0.4040,0.2630,0.3720,0.4680,0.8420,0.0000,0.4790,0,0,0,0.023
1787468723.677,NORMAL,1,1,1,0.2850,0.2790,0.2870,0.4040,0.2630,0.3940,0.4680,0.8420,0.0000,0.4790,0,0,0,0.028
1787468723.969,NORMAL,1,1,1,0.3050,0.3450,0.2870,0.4040,0.2630,0.3890,0.4680,0.8420,0.0000,0.4790,0,0,0,0.022
1787468724.252,NORMAL,1,1,1,0.3050,0.3450,0.2870,0.4040,0.2630,0.3890,0.4680,0.8420,0.0000,0.4790,0,0,0,0.022
1787468724.528,NORMAL,1,1,1,0.3060,0.3100,0.3040,0.4040,0.2630,0.3950,0.4680,0.8420,0.0000,0.4790,0,0,0,0.022
1787468724.801,NORMAL,1,1,1,0.2990,0.2980,0.2920,0.4040,0.2630,0.3970,0.4680,0.8420,0.0000,0.4790,0,0,0,0.024
1787468725.085,NORMAL,1,1,1,0.3200,0.3440,0.3170,0.4040,0.2630,0.3780,0.4680,0.8420,0.0000,0.4790,0,0,0,0.018
1787468725.360,NORMAL,1,1,1,0.3840,0.5560,0.2960,0.4040,0.2630,0.3770,0.4680,0.8420,0.0000,0.4790,0,0,0,0.027
1787468725.631,NORMAL,1,1,1,0.3840,0.5560,0.2960,0.4040,0.2630,0.3770,0.4680,0.8420,0.0000,0.4790,0,0,0,0.027
1787468725.910,NORMAL,1,1,1,0.3230,0.2900,0.2880,0.4040,0.2630,0.3700,0.4680,0.8420,0.0000,0.4790,0,0,0,2.126
1787468726.181,NORMAL,1,1,1,0.3200,0.3200,0.3170,0.4040,0.2630,0.3820,0.4680,0.8420,0.0000,0.4790,0,0,0,0.029
1787468726.453,NORMAL,1,1,1,0.3030,0.2900,0.2980,0.4040,0.2630,0.3720,0.4680,0.8420,0.0000,0.4790,0,0,0,0.022
1787468726.728,NORMAL,1,1,1,0.4000,0.6250,0.2790,0.4040,0.2630,0.3560,0.4680,0.8420,0.0000,0.4790,0,0,0,0.018
1787468726.997,NORMAL,1,1,1,0.4460,0.6760,0.2640,0.4040,0.2630,0.3310,0.4680,0.8420,0.0220,0.4790,0,0,0,0.020
1787468727.292,NORMAL,1,1,1,0.4300,0.5680,0.2740,0.4040,0.2630,0.3390,0.4680,0.8420,0.0000,0.4790,0,0,0,0.022
1787468727.575,NORMAL,1,1,1,0.4530,0.6580,0.2740,0.4040,0.2630,0.3370,0.4680,0.8420,0.0000,0.4790,0,0,0,0.021
1787468727.847,NORMAL,1,1,1,0.3280,0.2550,0.2650,0.4040,0.2630,0.3330,0.4680,0.8420,0.0390,0.4790,0,0,0,0.028
1787468728.131,NORMAL,1,1,1,0.3600,0.5000,0.2550,0.4040,0.2630,0.3270,0.4680,0.8420,0.0000,0.4790,0,0,0,0.021
1787468728.422,NORMAL,1,1,1,0.3010,0.2700,0.2690,0.4040,0.2630,0.3450,0.4680,0.8420,0.0000,0.4790,0,0,0,0.022
1787468728.700,NORMAL,1,1,1,0.3850,0.5870,0.2740,0.4040,0.2630,0.3310,0.4680,0.8420,0.0000,0.4790,0,0,0,0.022
1787468728.980,NORMAL,1,1,1,0.4270,0.6250,0.2740,0.4040,0.2630,0.3300,0.4680,0.8420,0.0000,0.4790,0,0,0,0.023
1787468729.266,NORMAL,1,1,1,0.4630,0.6900,0.2740,0.4040,0.2630,0.3300,0.4680,0.8420,0.0000,0.4790,0,0,0,0.025
1787468729.537,NORMAL,1,1,1,0.4630,0.6900,0.2740,0.4040,0.2630,0.3300,0.4680,0.8420,0.0000,0.4790,0,0,0,0.025
1787468729.822,NORMAL,1,1,1,0.3410,0.2750,0.2550,0.4040,0.2630,0.3510,0.4680,0.8420,0.0000,0.4790,0,0,0,0.021
1787468730.114,NORMAL,1,1,1,0.2880,0.2650,0.2550,0.4040,0.2630,0.3590,0.4680,0.8420,0.0000,0.4790,0,0,0,0.021
1787468730.392,NORMAL,1,1,1,0.2710,0.2700,0.2550,0.4040,0.2630,0.3560,0.4680,0.8420,0.0000,0.4790,0,0,0,0.023
1787468730.672,NORMAL,1,1,1,0.2690,0.2700,0.2640,0.4040,0.2630,0.3630,0.4680,0.8420,0.0000,0.4790,0,0,0,0.026
1787468730.949,NORMAL,1,1,1,0.2660,0.2700,0.2600,0.4040,0.2630,0.3570,0.4680,0.8420,0.0000,0.4790,0,0,0,0.082
1787468731.225,NORMAL,1,1,1,0.2670,0.2800,0.2550,0.4040,0.2630,0.3440,0.4680,0.8420,0.0000,0.4790,0,0,0,0.022
1787468731.507,NORMAL,1,1,1,0.3790,0.6090,0.2690,0.4040,0.2630,0.3350,0.4680,0.8420,0.0000,0.4790,0,0,0,0.025
1787468731.797,NORMAL,1,1,1,0.3120,0.2840,0.2690,0.4040,0.2630,0.3460,0.4680,0.8420,0.0000,0.4790,0,0,0,0.021
1787468732.091,NORMAL,1,1,1,0.2890,0.2900,0.2640,0.4040,0.2630,0.3460,0.4680,0.8420,0.0000,0.4790,0,0,0,0.022
1787468732.371,NORMAL,1,1,1,0.2830,0.2860,0.2740,0.4040,0.2630,0.3420,0.4680,0.8420,0.0000,0.4790,0,0,0,0.021
1787468732.643,NORMAL,1,1,1,0.2710,0.2710,0.2600,0.4040,0.2630,0.3720,0.4680,0.8420,0.0000,0.4790,0,0,0,0.031
1787468732.930,NORMAL,1,1,1,0.2740,0.2870,0.2640,0.4040,0.2630,0.3860,0.4680,0.8420,0.0000,0.4790,0,0,0,0.023
1787468733.213,NORMAL,1,1,1,0.2680,0.2600,0.2690,0.4040,0.2630,0.3600,0.4680,0.8420,0.0000,0.4790,0,0,0,0.022
1787468733.484,NORMAL,1,1,1,0.2680,0.2760,0.2600,0.4040,0.2630,0.3450,0.4680,0.8420,0.0000,0.4790,0,0,0,0.020
1787468733.756,NORMAL,1,1,1,0.3180,0.4220,0.2690,0.4040,0.2630,0.3370,0.4680,0.8420,0.0000,0.4790,0,0,0,0.027
1787468734.030,NORMAL,1,1,1,0.2880,0.2740,0.2690,0.4040,0.2630,0.3430,0.4680,0.8420,0.0000,0.4790,0,0,0,0.022
1787468734.312,NORMAL,1,1,1,0.2970,0.3180,0.2870,0.4040,0.2630,0.3430,0.4680,0.8420,0.0000,0.4790,0,0,0,0.048
1787468734.610,NORMAL,1,1,1,0.2820,0.2740,0.2730,0.4040,0.2630,0.3580,0.4680,0.8420,0.0000,0.4790,0,0,0,0.022
1787468734.876,NORMAL,1,1,1,0.3130,0.3820,0.2780,0.4040,0.2630,0.3500,0.4680,0.8420,0.0000,0.4790,0,0,0,0.022
1787468735.142,NORMAL,1,1,1,0.2810,0.2640,0.2640,0.4040,0.2630,0.3530,0.4680,0.8420,0.0000,0.4790,0,0,0,0.025
1787468735.426,NORMAL,1,1,1,0.5100,1.0000,0.2680,0.4040,0.2630,0.3600,0.4680,0.8420,0.0000,0.4790,0,0,0,0.021
1787468735.698,NORMAL,1,1,1,0.4020,0.4140,0.2730,0.4040,0.2630,0.3510,0.4680,0.8420,0.0000,0.4790,0,0,0,0.021
1787468735.981,NORMAL,1,1,1,0.4020,0.4140,0.2730,0.4040,0.2630,0.3510,0.4680,0.8420,0.0000,0.4790,0,0,0,0.021
1787468736.262,NORMAL,1,1,1,0.3610,0.4000,0.2780,0.4040,0.2630,0.3420,0.4680,0.8420,0.0000,0.4790,0,0,0,0.021
1787468736.544,NORMAL,1,1,1,0.2640,0.2500,0.2450,0.4040,0.2630,0.3610,0.4680,0.8420,0.0000,0.4790,0,0,0,0.023
1787468736.820,NORMAL,1,1,1,0.3200,0.4220,0.2780,0.4040,0.2630,0.3490,0.4680,0.8420,0.0000,0.4790,0,0,0,0.023
1787468737.104,NORMAL,1,1,1,0.3350,0.4120,0.2740,0.4040,0.2630,0.3450,0.4680,0.8420,0.0000,0.4790,0,0,0,0.025
1787468737.378,NORMAL,1,1,1,0.3350,0.4120,0.2740,0.4040,0.2630,0.3450,0.4680,0.8420,0.0000,0.4790,0,0,0,0.025
1787468737.647,NORMAL,1,1,1,0.3340,0.3890,0.2780,0.4040,0.2630,0.3420,0.4680,0.8420,0.0000,0.4790,0,0,0,0.027
1787468737.911,NORMAL,1,1,1,0.3340,0.4000,0.2690,0.4040,0.2630,0.3450,0.4680,0.8420,0.0000,0.4790,0,0,0,0.022
1787468738.184,NORMAL,1,1,1,0.2750,0.2400,0.2450,0.4040,0.2630,0.3550,0.4680,0.8420,0.0000,0.4790,0,0,0,0.032
1787468738.467,NORMAL,1,1,1,0.3220,0.4350,0.2590,0.4040,0.2630,0.3510,0.4680,0.8420,0.0000,0.4790,0,0,0,0.020
1787468738.753,NORMAL,1,1,1,0.2800,0.2600,0.2550,0.4040,0.2630,0.3690,0.4680,0.8420,0.0000,0.4790,0,0,0,0.021
1787468739.026,NORMAL,1,1,1,0.2650,0.2650,0.2500,0.4040,0.2630,0.3770,0.4680,0.8420,0.0000,0.4790,0,0,0,0.019
1787468739.298,NORMAL,1,1,1,0.3320,0.4670,0.2690,0.4040,0.2630,0.3610,0.4680,0.8420,0.0000,0.4790,0,0,0,0.024
1787468739.579,NORMAL,1,1,1,0.3540,0.4680,0.2640,0.4040,0.2630,0.3560,0.4680,0.8420,0.0000,0.4790,0,0,0,0.022
1787468739.853,NORMAL,1,1,1,0.3040,0.2800,0.2740,0.4040,0.2630,0.3560,0.4680,0.8420,0.0000,0.4790,0,0,0,0.021
1787468740.122,NORMAL,1,1,1,0.2860,0.2860,0.2690,0.4040,0.2630,0.3560,0.4680,0.8420,0.0000,0.4790,0,0,0,0.023
1787468740.392,NORMAL,1,1,1,0.2850,0.2960,0.2740,0.4040,0.2630,0.3580,0.4680,0.8420,0.0000,0.4790,0,0,0,0.022
1787468740.663,NORMAL,1,1,1,0.2830,0.2860,0.2780,0.4040,0.2630,0.3590,0.4680,0.8420,0.0000,0.4790,0,0,0,0.023
1787468740.934,NORMAL,1,1,1,0.2860,0.2960,0.2780,0.4040,0.2630,0.3590,0.4680,0.8420,0.0000,0.4790,0,0,0,0.018
1787468741.213,NORMAL,1,1,1,0.2970,0.3100,0.2960,0.4040,0.2630,0.3710,0.4680,0.8420,0.0000,0.4790,0,0,0,0.026
1787468741.492,NORMAL,1,1,1,0.5230,1.0000,0.2910,0.4040,0.2630,0.3880,0.4680,0.8420,0.0000,0.4790,0,0,0,0.025
1787468741.764,NORMAL,1,1,1,0.3690,0.2900,0.2820,0.4040,0.2630,0.3900,0.4680,0.8420,0.0000,0.4790,0,0,0,0.030
1787468742.033,NORMAL,1,1,1,0.5460,1.0000,0.2820,0.4040,0.2630,0.3930,0.4680,0.8420,0.0000,0.4790,0,0,0,0.021
1787468742.313,NORMAL,1,1,1,0.3770,0.2860,0.2870,0.4040,0.2630,0.3850,0.4680,0.8420,0.0000,0.4790,0,0,0,0.023
1787468742.588,NORMAL,1,1,1,0.3770,0.2860,0.2870,0.4040,0.2630,0.3850,0.4680,0.8420,0.0000,0.4790,0,0,0,0.023
1787468742.862,NORMAL,1,1,1,0.3500,0.3780,0.2920,0.4040,0.2630,0.3730,0.4680,0.8420,0.0000,0.4790,0,0,0,0.021
1787468743.142,NORMAL,1,1,1,0.3030,0.2750,0.2820,0.4040,0.2630,0.3830,0.4680,0.8420,0.0000,0.4790,0,0,0,0.022
1787468743.422,NORMAL,1,1,1,0.3320,0.4090,0.2780,0.4040,0.2630,0.3690,0.4680,0.8420,0.0000,0.4790,0,0,0,0.024
1787468743.703,NORMAL,1,1,1,0.3390,0.4090,0.2780,0.4040,0.2630,0.3740,0.4680,0.8420,0.0000,0.4790,0,0,0,0.021
1787468743.970,NORMAL,1,1,1,0.3390,0.4090,0.2780,0.4040,0.2630,0.3740,0.4680,0.8420,0.0000,0.4790,0,0,0,0.021
1787468744.239,NORMAL,1,1,1,0.3080,0.2900,0.2910,0.4040,0.2630,0.3980,0.4680,0.8420,0.0000,0.4790,0,0,0,0.020
1787468744.513,NORMAL,1,1,1,0.3270,0.3970,0.2780,0.4040,0.2630,0.3930,0.4680,0.8420,0.0000,0.4790,0,0,0,0.022
1787468744.782,NORMAL,1,1,1,0.3450,0.4220,0.2870,0.4040,0.2630,0.3820,0.4680,0.8420,0.0000,0.4790,0,0,0,0.018
1787468745.066,NORMAL,1,1,1,0.3090,0.2800,0.3000,0.4040,0.2630,0.3850,0.4680,0.8420,0.0000,0.4790,0,0,0,0.021
1787468745.344,NORMAL,1,1,1,0.2960,0.2800,0.2960,0.4040,0.2630,0.3970,0.4680,0.8420,0.0000,0.4790,0,0,0,0.025
1787468745.623,NORMAL,1,1,1,0.2910,0.3000,0.2780,0.4040,0.2630,0.3900,0.4680,0.8420,0.0000,0.4790,0,0,0,0.021
1787468745.914,NORMAL,1,1,1,0.3700,0.5370,0.2870,0.4040,0.2630,0.3820,0.4680,0.8420,0.0000,0.4790,0,0,0,0.022
1787468746.183,NORMAL,1,1,1,0.4110,0.5600,0.2830,0.4040,0.2630,0.3720,0.4680,0.8420,0.0000,0.4790,0,0,0,0.021
1787468746.461,NORMAL,1,1,1,0.4110,0.5600,0.2830,0.4040,0.2630,0.3720,0.4680,0.8420,0.0000,0.4790,0,0,0,0.021
1787468746.743,NORMAL,1,1,1,0.3330,0.2960,0.2870,0.4040,0.2630,0.3750,0.4680,0.8420,0.0000,0.4790,0,0,0,0.024
1787468747.015,NORMAL,1,1,1,0.3050,0.2860,0.2920,0.4040,0.2630,0.3760,0.4680,0.8420,0.0000,0.4790,0,0,0,0.023
1787468747.286,NORMAL,1,1,1,0.4030,0.6300,0.2820,0.4040,0.2630,0.3650,0.4680,0.8420,0.0000,0.4790,0,0,0,0.022
1787468747.563,NORMAL,1,1,1,0.3310,0.2960,0.2870,0.4040,0.2630,0.3700,0.4680,0.8420,0.0000,0.4790,0,0,0,0.021
1787468747.838,NORMAL,1,1,1,0.4230,0.6590,0.2870,0.4040,0.2630,0.3620,0.4680,0.8420,0.0000,0.4790,0,0,0,0.019
1787468748.137,NORMAL,1,1,1,0.3340,0.2800,0.2920,0.4040,0.2630,0.3620,0.4680,0.8420,0.0000,0.4790,0,0,0,0.019
1787468748.419,NORMAL,1,1,1,0.3060,0.2960,0.2870,0.4040,0.2630,0.3650,0.4680,0.8420,0.0000,0.4790,0,0,0,0.023
1787468748.705,NORMAL,1,1,1,0.4340,0.7250,0.2820,0.4040,0.2630,0.3580,0.4680,0.8420,0.0000,0.4790,0,0,0,0.021
1787468748.979,NORMAL,1,1,1,0.3360,0.2800,0.2870,0.4040,0.2630,0.3630,0.4680,0.8420,0.0000,0.4790,0,0,0,0.021
1787468749.258,NORMAL,1,1,1,0.4160,0.6500,0.2690,0.4040,0.2630,0.3530,0.4680,0.8420,0.0000,0.4790,0,0,0,0.022
1787468749.532,NORMAL,1,1,1,0.3270,0.2860,0.2740,0.4040,0.2630,0.3570,0.4680,0.8420,0.0000,0.4790,0,0,0,0.021
1787468749.811,NORMAL,1,1,1,0.2990,0.2860,0.2830,0.4040,0.2630,0.3660,0.4680,0.8420,0.0000,0.4790,0,0,0,0.022
1787468750.086,NORMAL,1,1,1,0.4990,0.9290,0.2830,0.4040,0.2630,0.3660,0.4680,0.8420,0.0000,0.4790,0,0,0,0.016
1787468750.359,NORMAL,1,1,1,0.3620,0.3000,0.2780,0.4040,0.2630,0.3760,0.4680,0.8420,0.0000,0.4790,0,0,0,0.022
1787468750.641,NORMAL,1,1,1,0.3290,0.3370,0.2840,0.4040,0.2630,0.3610,0.4680,0.8420,0.0000,0.4790,0,0,0,0.017
1787468750.921,NORMAL,1,1,1,0.2810,0.2650,0.2450,0.4040,0.2630,0.3680,0.4680,0.8420,0.0000,0.4790,0,0,0,0.021
1787468751.199,NORMAL,1,1,1,0.2820,0.2860,0.2790,0.4040,0.2630,0.3600,0.4680,0.8420,0.0000,0.4790,0,0,0,0.031
1787468751.476,NORMAL,1,1,1,0.2720,0.2700,0.2640,0.4040,0.2630,0.3840,0.4680,0.8420,0.0000,0.4790,0,0,0,0.021
1787468751.749,NORMAL,1,1,1,0.2670,0.2750,0.2550,0.4040,0.2630,0.3790,0.4680,0.8420,0.0000,0.4790,0,0,0,0.027
1787468752.030,NORMAL,1,1,1,0.2840,0.3040,0.2820,0.4040,0.2630,0.3760,0.4680,0.8420,0.0000,0.4790,0,0,0,0.021
1787468752.314,NORMAL,1,1,1,0.2920,0.3060,0.2870,0.4040,0.2630,0.3600,0.4680,0.8420,0.0000,0.4790,0,0,0,0.021
1787468752.602,NORMAL,1,1,1,0.3420,0.3950,0.3430,0.4040,0.2630,0.3780,0.4680,0.8420,0.0000,0.4790,0,0,0,0.025
1787468752.881,NORMAL,1,1,1,0.3420,0.3950,0.3430,0.4040,0.2630,0.3780,0.4680,0.8420,0.0000,0.4790,0,0,0,0.025
1787468753.167,NORMAL,1,1,1,0.3270,0.3210,0.3180,0.4040,0.2630,0.3960,0.4680,0.8420,0.0000,0.4790,0,0,0,0.022
1787468753.435,NORMAL,1,1,1,0.3160,0.3210,0.3040,0.4040,0.2630,0.3830,0.4680,0.8420,0.1410,0.4790,0,0,0,0.024
1787468753.712,NORMAL,1,1,1,0.3390,0.3730,0.3300,0.4040,0.2630,0.3980,0.4680,0.8420,0.0000,0.4790,0,0,0,0.020
1787468754.002,NORMAL,1,1,1,0.3390,0.3530,0.3240,0.4040,0.2630,0.3890,0.4680,0.8420,0.0000,0.4790,0,0,0,0.019
1787468754.282,NORMAL,1,1,1,0.3390,0.3530,0.3240,0.4040,0.2630,0.3890,0.4680,0.8420,0.0000,0.4790,0,0,0,0.019
1787468754.557,NORMAL,1,1,1,0.3020,0.2940,0.2830,0.4040,0.2630,0.3580,0.4680,0.8420,0.0000,0.4790,0,0,0,0.020
1787468754.826,NORMAL,1,1,1,0.3620,0.4840,0.3040,0.4040,0.2630,0.3560,0.4680,0.8420,0.0000,0.4790,0,0,0,0.021
1787468755.096,NORMAL,1,1,1,0.3210,0.3200,0.2790,0.4040,0.2630,0.3660,0.4680,0.8420,0.0000,0.4790,0,0,0,0.026
1787468755.373,NORMAL,1,1,1,0.3210,0.3200,0.2790,0.4040,0.2630,0.3660,0.4680,0.8420,0.0000,0.4790,0,0,0,0.026
1787468755.640,NORMAL,1,1,1,0.3080,0.3200,0.2830,0.4040,0.2630,0.3680,0.4680,0.8420,0.0000,0.4790,0,0,0,0.085
1787468755.911,NORMAL,1,1,1,0.3430,0.4190,0.3040,0.4040,0.2630,0.3590,0.4680,0.8420,0.0000,0.4790,0,0,0,0.021
1787468756.189,NORMAL,1,1,1,0.3180,0.3270,0.2830,0.4040,0.2630,0.3690,0.4680,0.8420,0.0000,0.4790,0,0,0,0.021
1787468756.461,NORMAL,1,1,1,0.3560,0.4560,0.2980,0.4040,0.2630,0.3610,0.4680,0.8420,0.0000,0.4790,0,0,0,0.025
1787468756.751,NORMAL,1,1,1,0.3780,0.4710,0.3080,0.4040,0.2630,0.3560,0.4680,0.8420,0.0000,0.4790,0,0,0,0.027
1787468757.022,NORMAL,1,1,1,0.3270,0.3040,0.2960,0.4040,0.2630,0.3640,0.4680,0.8420,0.0000,0.4790,0,0,0,0.023
1787468757.317,NORMAL,1,1,1,0.2940,0.2800,0.2740,0.4040,0.2630,0.3660,0.4680,0.8420,0.0000,0.4790,0,0,0,0.020
1787468757.621,NORMAL,1,1,1,0.3060,0.3040,0.2880,0.4040,0.2630,0.3610,0.4680,0.8420,0.0000,0.4790,0,0,0,0.026
1787468757.916,NORMAL,1,1,1,0.3060,0.3040,0.2880,0.4040,0.2630,0.3610,0.4680,0.8420,0.0000,0.4790,0,0,0,0.026
1787468758.186,NORMAL,1,1,1,0.2930,0.2940,0.2790,0.4040,0.2630,0.3580,0.4680,0.8420,0.0000,0.4790,0,0,0,0.026
1787468758.460,NORMAL,1,1,1,0.2860,0.2940,0.2690,0.4040,0.2630,0.3730,0.4680,0.8420,0.0000,0.4790,0,0,0,0.021
1787468758.731,NORMAL,1,1,1,0.2880,0.3080,0.2720,0.4040,0.2630,0.6210,0.4680,0.8420,0.0000,0.4790,0,0,0,0.022
1787468759.013,NORMAL,1,1,1,0.2850,0.2960,0.2720,0.4040,0.2630,0.7540,0.4680,0.8420,0.0000,0.4790,0,0,0,0.024
1787468759.291,NORMAL,1,1,1,0.2850,0.2960,0.2720,0.4040,0.2630,0.7540,0.4680,0.8420,0.0000,0.4790,0,0,0,0.024
1787468759.577,NORMAL,1,1,1,0.2910,0.2950,0.2930,0.4040,0.2630,0.7470,0.4680,0.8420,0.0000,0.4790,0,0,0,0.021
1787468759.845,NORMAL,1,1,1,0.2830,0.2750,0.2830,0.4040,0.2630,0.7350,0.4680,0.8420,0.0000,0.4790,0,0,0,0.022
1787468760.114,NORMAL,1,1,1,0.2760,0.2820,0.2610,0.4040,0.2630,0.7420,0.4680,0.8420,0.0000,0.4790,0,0,0,0.020
1787468760.385,NORMAL,1,1,1,0.2760,0.2680,0.2830,0.4040,0.2630,0.7120,0.4680,0.8420,0.0000,0.4790,0,0,0,0.022
1787468760.663,NORMAL,1,1,1,0.3420,0.4680,0.2870,0.4040,0.2630,0.5130,0.4680,0.8420,0.0000,0.4790,0,0,0,0.021
1787468760.928,NORMAL,1,1,1,0.3570,0.4530,0.2780,0.4040,0.2630,0.3810,0.4680,0.8420,0.0000,0.4790,0,0,0,0.023
1787468761.210,NORMAL,1,1,1,0.2960,0.2590,0.2680,0.4040,0.2630,0.3680,0.4680,0.8420,0.0000,0.4790,0,0,0,0.018
1787468761.507,NORMAL,1,1,1,0.2840,0.2780,0.2770,0.4040,0.2630,0.3510,0.4680,0.8420,0.0000,0.4790,0,0,0,0.030
1787468761.778,NORMAL,1,1,1,0.2800,0.2920,0.2640,0.4040,0.2630,0.3450,0.4680,0.8420,0.0220,0.4790,0,0,0,0.024
1787468762.074,NORMAL,1,1,1,0.2690,0.2550,0.2720,0.4040,0.2630,0.3490,0.4680,0.8420,0.0250,0.4790,0,0,0,0.023
1787468762.343,NORMAL,1,1,1,0.4910,0.9620,0.2590,0.4040,0.2630,0.3330,0.4680,0.8420,0.0000,0.4790,0,0,0,0.017
1787468762.614,NORMAL,1,1,1,0.3520,0.2730,0.2810,0.4040,0.2630,0.3500,0.4680,0.8420,0.0150,0.4790,0,0,0,0.019
1787468762.889,NORMAL,1,1,1,0.3020,0.2690,0.2810,0.4040,0.2630,0.3580,0.4680,0.8420,0.0130,0.4790,0,0,0,0.020
1787468763.165,NORMAL,1,1,1,0.2780,0.2550,0.2770,0.4040,0.2630,0.3610,0.4680,0.8420,0.0130,0.4790,0,0,0,0.025
1787468763.449,NORMAL,1,1,1,0.3010,0.3460,0.2820,0.4040,0.2630,0.3560,0.4680,0.8420,0.0000,0.4790,0,0,0,0.020
1787468763.721,NORMAL,1,1,1,0.2560,0.2230,0.2410,0.4040,0.2630,0.3620,0.4680,0.8420,0.0000,0.4790,0,0,0,0.020
1787468763.995,NORMAL,1,1,1,0.2610,0.2590,0.2680,0.4040,0.2630,0.3600,0.4680,0.8420,0.0000,0.4790,0,0,0,0.022
1787468764.264,NORMAL,1,1,1,0.2550,0.2500,0.2540,0.4040,0.2630,0.3590,0.4680,0.8420,0.0000,0.4790,0,0,0,0.022
1787468764.549,EYE_CLOSED,1,1,1,0.2530,0.2450,0.2590,0.4040,0.2630,0.3590,0.4680,0.8420,0.0000,0.4790,1,0,0,0.021
1787468764.975,NORMAL,1,1,1,0.3000,0.3860,0.2640,0.4040,0.2630,0.3460,0.4680,0.8420,0.0000,0.4790,0,0,0,0.022
1787468765.415,NORMAL,1,1,1,0.2730,0.2500,0.2680,0.4040,0.2630,0.3570,0.4680,0.8420,0.0000,0.4790,0,0,0,0.020
1787468765.685,NORMAL,1,1,1,0.2650,0.2410,0.2820,0.4040,0.2630,0.3550,0.4680,0.8420,0.0760,0.4790,0,0,0,0.019
1787468765.955,NORMAL,1,1,1,0.2610,0.2500,0.2680,0.4040,0.2630,0.3590,0.4680,0.8420,0.0000,0.4790,0,0,0,0.027
1787468766.220,NORMAL,1,1,1,0.2610,0.2500,0.2730,0.4040,0.2630,0.3580,0.4680,0.8420,0.0450,0.4790,0,0,0,0.023
1787468766.492,NORMAL,1,1,1,0.2600,0.2500,0.2680,0.4040,0.2630,0.3600,0.4680,0.8420,0.0000,0.4790,0,0,0,0.025
1787468766.767,NORMAL,1,1,1,0.2580,0.2500,0.2640,0.4040,0.2630,0.3560,0.4680,0.8420,0.0880,0.4790,0,0,0,0.022
1787468767.047,NORMAL,1,1,1,0.2580,0.2500,0.2640,0.4040,0.2630,0.3560,0.4680,0.8420,0.0880,0.4790,0,0,0,0.022
1787468767.317,NORMAL,1,1,1,0.2560,0.2450,0.2640,0.4040,0.2630,0.3560,0.4680,0.8420,0.1030,0.4790,0,0,0,0.022
1787468767.589,NORMAL,1,1,1,0.2550,0.2500,0.2640,0.4040,0.2630,0.3650,0.4680,0.8420,0.1010,0.4790,0,0,0,0.021
1787468767.866,NORMAL,1,1,1,0.2590,0.2550,0.2680,0.4040,0.2630,0.3670,0.4680,0.8420,0.0060,0.4790,0,0,0,0.021
1787468768.146,NORMAL,1,1,1,0.2550,0.2450,0.2590,0.4040,0.2630,0.3680,0.4680,0.8420,0.0000,0.4790,0,0,0,0.030
1787468768.415,NORMAL,1,1,1,0.2550,0.2450,0.2590,0.4040,0.2630,0.3680,0.4680,0.8420,0.0000,0.4790,0,0,0,0.030
1787468768.692,EYE_CLOSED,1,1,1,0.2610,0.2640,0.2640,0.4040,0.2630,0.3610,0.4680,0.8420,0.0000,0.4790,1,0,0,0.021
1787468769.128,LONG_EYE_CLOSED,1,1,1,0.2580,0.2410,0.2730,0.4040,0.2630,0.3620,0.4680,0.8420,0.0930,0.4790,1,0,0,0.023
1787468769.569,LONG_EYE_CLOSED,1,1,1,0.2580,0.2410,0.2730,0.4040,0.2630,0.3620,0.4680,0.8420,0.0930,0.4790,1,0,0,0.023
1787468769.845,LONG_EYE_CLOSED,1,1,1,0.2710,0.2830,0.2730,0.4040,0.2630,0.3570,0.4680,0.8420,0.0000,0.4790,1,0,0,0.021
1787468770.118,LONG_EYE_CLOSED,1,1,1,0.2690,0.2690,0.2680,0.4040,0.2630,0.3570,0.4680,0.8420,0.0000,0.4790,1,0,0,0.026
1787468770.388,LONG_EYE_CLOSED,1,1,1,0.2670,0.2640,0.2680,0.4040,0.2630,0.3550,0.4680,0.8420,0.0000,0.4790,1,0,0,0.057
1787468770.669,LONG_EYE_CLOSED,1,1,1,0.2620,0.2550,0.2630,0.4040,0.2630,0.3620,0.4680,0.8420,0.0000,0.4790,1,0,0,0.022
1787468770.936,LONG_EYE_CLOSED,1,1,1,0.2770,0.2790,0.2910,0.4040,0.2630,0.3580,0.4680,0.8420,0.0000,0.4790,1,0,0,0.022
1787468771.206,NORMAL,1,1,1,0.2940,0.2980,0.3090,0.4040,0.2630,0.3590,0.4680,0.8420,0.0000,0.4790,0,0,0,0.029
1787468771.642,NORMAL,1,1,1,0.3110,0.3100,0.3100,0.4040,0.2630,0.3490,0.4680,0.8420,0.0000,0.4790,0,0,0,0.020
1787468771.932,NORMAL,1,1,1,0.3000,0.2860,0.3040,0.4040,0.2630,0.3680,0.4680,0.8420,0.0000,0.4790,0,0,0,0.021
1787468772.214,NORMAL,1,1,1,0.2920,0.2710,0.3040,0.4040,0.2630,0.3740,0.4680,0.8420,0.0000,0.4790,0,0,0,0.021
1787468772.494,NORMAL,1,1,1,0.2920,0.2800,0.3040,0.4040,0.2630,0.3800,0.4680,0.8420,0.0000,0.4790,0,0,0,0.022
1787468772.766,NORMAL,1,1,1,0.2880,0.2650,0.3080,0.4040,0.2630,0.3800,0.4680,0.8420,0.0000,0.4790,0,0,0,0.022
1787468773.037,NORMAL,1,1,1,0.2960,0.2940,0.3080,0.4040,0.2630,0.3770,0.4680,0.8420,0.0000,0.4790,0,0,0,0.021
1787468773.321,NORMAL,1,1,1,0.2960,0.2840,0.3080,0.4040,0.2630,0.3780,0.4680,0.8420,0.0000,0.4790,0,0,0,0.025
1787468773.593,NORMAL,1,1,1,0.2960,0.2840,0.3080,0.4040,0.2630,0.3780,0.4680,0.8420,0.0000,0.4790,0,0,0,0.025
1787468773.874,NORMAL,1,1,1,0.2970,0.2790,0.3170,0.4040,0.2630,0.3830,0.4680,0.8420,0.0000,0.4790,0,0,0,0.022
1787468774.155,NORMAL,1,1,1,0.3050,0.2960,0.3210,0.4040,0.2630,0.3720,0.4680,0.8420,0.0000,0.4790,0,0,0,0.021
1787468774.456,NORMAL,1,1,1,0.3120,0.3150,0.3150,0.4040,0.2630,0.3790,0.4680,0.8420,0.0000,0.4790,0,0,0,0.021
1787468774.726,NORMAL,1,1,1,0.3120,0.3150,0.3150,0.4040,0.2630,0.3790,0.4680,0.8420,0.0000,0.4790,0,0,0,0.021
1787468774.995,NORMAL,1,1,1,0.3160,0.3180,0.3170,0.4040,0.2630,0.3780,0.4680,0.8420,0.0000,0.4790,0,0,0,0.023
1787468775.275,NORMAL,1,1,1,0.5310,1.0000,0.2870,0.4040,0.2630,0.4220,0.4680,0.8420,0.0000,0.4790,0,0,0,0.029
1787468775.551,NORMAL,1,1,1,0.4020,0.3720,0.2920,0.4040,0.2630,0.4000,0.4680,0.8420,0.0000,0.4790,0,0,0,0.020
1787468775.830,NORMAL,1,1,1,0.3520,0.3590,0.2920,0.4040,0.2630,0.3840,0.4680,0.8420,0.0000,0.4790,0,0,0,0.019
1787468776.109,NORMAL,1,1,1,0.3520,0.3590,0.2920,0.4040,0.2630,0.3840,0.4680,0.8420,0.0000,0.4790,0,0,0,0.019
1787468776.381,NORMAL,1,1,1,0.3280,0.3370,0.2920,0.4040,0.2630,0.3840,0.4680,0.8420,0.0000,0.4790,0,0,0,0.027
1787468776.657,NORMAL,1,1,1,0.3200,0.3370,0.2920,0.4040,0.2630,0.3850,0.4680,0.8420,0.0000,0.4790,0,0,0,0.025
1787468776.932,NORMAL,1,1,1,0.3390,0.4030,0.2960,0.4040,0.2630,0.3850,0.4680,0.8420,0.0000,0.4790,0,0,0,0.021
1787468777.203,NORMAL,1,1,1,0.3450,0.4000,0.2960,0.4040,0.2630,0.3930,0.4680,0.8420,0.0000,0.4790,0,0,0,0.021
1787468777.479,NORMAL,1,1,1,0.3060,0.2890,0.2820,0.4040,0.2630,0.4190,0.4680,0.8420,0.0000,0.4790,0,0,0,0.029
1787468777.753,NORMAL,1,1,1,0.3260,0.3750,0.2980,0.4040,0.2630,0.4980,0.4680,0.8420,0.0000,0.4790,0,0,0,0.020
1787468778.022,NORMAL,1,1,1,0.4250,0.6670,0.2890,0.4040,0.2630,0.5490,0.4680,0.8420,0.0000,0.4790,0,0,0,0.020
1787468778.293,NORMAL,1,1,1,0.3790,0.4050,0.3040,0.4040,0.2630,0.5810,0.4680,0.8420,0.0000,0.4790,0,0,0,0.021
1787468778.582,NORMAL,1,1,1,0.4510,0.6650,0.3150,0.4040,0.2630,0.9860,0.4680,0.8420,0.0000,0.4790,0,0,0,0.030
1787468778.852,NORMAL,1,1,1,0.5520,0.9150,0.2970,0.4040,0.2630,1.1930,0.4680,0.8420,0.0000,0.4790,0,0,0,0.024
1787468779.124,NORMAL,1,1,1,0.2990,0.0000,0.3260,0.4040,0.2630,1.2980,0.4680,0.8420,0.0000,0.4790,0,0,0,0.019
1787468779.403,NORMAL,1,1,1,0.2130,0.0000,0.3330,0.4040,0.2630,1.3080,0.4680,0.8420,0.0000,0.4790,0,0,0,0.020
1787468779.679,YAWN,1,1,1,0.1830,0.0000,0.3330,0.4040,0.2630,1.3110,0.4680,0.8420,0.0000,0.4790,0,1,0,0.023
1787468780.114,YAWN,1,1,1,0.1620,0.0000,0.3020,0.4040,0.2630,1.4230,0.4680,0.8420,0.0000,0.4790,0,1,0,0.025
1787468780.380,YAWN,1,1,1,0.1580,0.0000,0.3100,0.4040,0.2630,1.5480,0.4680,0.8420,0.0000,0.4790,0,1,0,0.030
1787468780.652,YAWN,1,1,1,0.4800,1.0000,0.3080,0.4040,0.2630,1.5300,0.4680,0.8420,0.0000,0.4790,0,1,0,0.022
1787468780.928,YAWN,1,1,1,0.2700,0.0000,0.3130,0.4040,0.2630,0.9150,0.4680,0.8420,0.0000,0.4790,0,1,0,0.020
1787468781.211,YAWN,1,1,1,0.3750,0.5700,0.2930,0.4040,0.2630,0.6810,0.4680,0.8420,0.0000,0.4790,0,1,0,0.028
1787468781.506,NORMAL,1,1,1,0.3680,0.4430,0.2850,0.4040,0.2630,0.5530,0.4680,0.8420,0.0000,0.4790,0,0,0,0.029
1787468781.961,NORMAL,1,1,1,0.3380,0.4990,0.2910,0.4040,0.2630,0.4900,0.4680,0.8420,0.0000,0.4790,0,0,0,0.019
1787468782.242,NORMAL,1,1,1,0.2320,0.0000,0.3500,0.4040,0.2630,0.4820,0.4680,0.8420,0.0000,0.4790,0,0,0,0.020
1787468782.516,NORMAL,1,1,1,0.5110,1.0000,0.3230,0.4040,0.2630,1.0060,0.4680,0.8420,0.0000,0.4790,0,0,0,0.018
1787468782.791,NORMAL,1,1,1,0.5110,1.0000,0.3230,0.4040,0.2630,1.0060,0.4680,0.8420,0.0000,0.4790,0,0,0,0.018
1787468783.075,NORMAL,1,1,1,0.3830,0.3990,0.2910,0.4040,0.2630,0.5890,0.4680,0.8420,0.0000,0.4790,0,0,0,0.020
1787468783.357,NORMAL,1,1,1,0.3520,0.3990,0.2710,0.4040,0.2630,0.5720,0.4680,0.8420,0.0000,0.4790,0,0,0,0.020
1787468783.636,NORMAL,1,1,1,0.3730,0.4990,0.2710,0.4040,0.2630,0.5590,0.4680,0.8420,0.0000,0.4790,0,0,0,0.021
1787468783.909,NORMAL,1,1,1,0.3730,0.4990,0.2710,0.4040,0.2630,0.5590,0.4680,0.8420,0.0000,0.4790,0,0,0,0.021
1787468784.185,NORMAL,1,1,1,0.2360,0.0000,0.3250,0.4040,0.2630,0.5280,0.4680,0.8420,0.0000,0.4790,0,0,0,0.052
1787468784.455,NORMAL,1,1,1,0.3290,0.4490,0.3080,0.4040,0.2630,0.5090,0.4680,0.8420,0.0000,0.4790,0,0,0,0.021
1787468784.734,NORMAL,1,1,1,0.3670,0.4990,0.2770,0.4040,0.2630,0.6110,0.4680,0.8420,0.0000,0.4790,0,0,0,0.021
1787468785.020,NORMAL,1,1,1,0.2970,0.2860,0.2880,0.4040,0.2630,0.4060,0.4680,0.8420,0.0000,0.4790,0,0,0,0.026
1787468785.301,NORMAL,1,1,1,0.2970,0.2860,0.2880,0.4040,0.2630,0.4060,0.4680,0.8420,0.0000,0.4790,0,0,0,0.026
1787468785.576,NORMAL,1,1,1,0.2920,0.2920,0.2880,0.4040,0.2630,0.3820,0.4680,0.8420,0.0000,0.4790,0,0,0,0.025
1787468785.859,NORMAL,1,1,1,0.2940,0.3040,0.2840,0.4040,0.2630,0.3700,0.4680,0.8420,0.0000,0.4790,0,0,0,0.021
1787468786.131,NORMAL,1,1,1,0.2810,0.2750,0.2740,0.4040,0.2630,0.3870,0.4680,0.8420,0.0000,0.4790,0,0,0,0.021
1787468786.424,NORMAL,1,1,1,0.2850,0.2740,0.3000,0.4040,0.2630,0.3850,0.4680,0.8420,0.0000,0.4790,0,0,0,0.021
1787468786.698,NORMAL,1,1,1,0.3260,0.4000,0.2960,0.4040,0.2630,0.5030,0.4680,0.8420,0.0000,0.4790,0,0,0,0.024
1787468786.976,NO_FACE,0,0,1,0.0000,0.0000,0.0000,0.0000,0.0000,0.0000,0.0000,0.0000,0.0000,0.0000,0,0,0,0.005
1787468787.409,NORMAL,1,1,1,0.3780,0.3490,0.4630,0.4040,0.2630,0.5350,0.4680,0.8420,0.0000,0.4790,0,0,0,0.072
1787468787.842,NORMAL,1,1,1,0.3780,0.3490,0.4630,0.4040,0.2630,0.5350,0.4680,0.8420,0.0000,0.4790,0,0,0,0.072
1787468788.117,NORMAL,1,1,1,0.3330,0.3150,0.3020,0.4040,0.2630,0.5400,0.4680,0.8420,0.0000,0.4790,0,0,0,0.021
1787468788.401,NORMAL,1,1,1,0.3230,0.3170,0.3180,0.4040,0.2630,0.5370,0.4680,0.8420,0.0000,0.4790,0,0,0,0.021
1787468788.674,NORMAL,1,1,1,0.3580,0.4360,0.3200,0.4040,0.2630,0.5370,0.4680,0.8420,0.0000,0.4790,0,0,0,0.025
1787468788.945,NORMAL,1,1,1,0.3320,0.3040,0.3300,0.4040,0.2630,0.5530,0.4680,0.8420,0.0000,0.4790,0,0,0,0.022
1787468789.215,NORMAL,1,1,1,0.3430,0.3330,0.3650,0.4040,0.2630,0.5820,0.4680,0.8420,0.0000,0.4790,0,0,0,0.021
1787468789.490,NORMAL,1,1,1,0.3480,0.3980,0.3030,0.4040,0.2630,0.4610,0.4680,0.8420,0.0000,0.4790,0,0,0,0.023
1787468789.759,NO_FACE,0,0,1,0.0000,0.0000,0.0000,0.0000,0.0000,0.0000,0.0000,0.0000,0.0000,0.0000,0,0,0,0.004
1787468790.196,NO_FACE,0,0,1,0.0000,0.0000,0.0000,0.0000,0.0000,0.0000,0.0000,0.0000,0.0000,0.0000,0,0,0,0.003
1787468790.459,NO_FACE,0,0,1,0.0000,0.0000,0.0000,0.0000,0.0000,0.0000,0.0000,0.0000,0.0000,0.0000,0,0,0,0.003
1787468790.740,NO_FACE,0,0,1,0.0000,0.0000,0.0000,0.0000,0.0000,0.0000,0.0000,0.0000,0.0000,0.0000,0,0,0,0.004
1787468791.010,NO_FACE,0,0,1,0.0000,0.0000,0.0000,0.0000,0.0000,0.0000,0.0000,0.0000,0.0000,0.0000,0,0,0,0.004
1787468791.290,NORMAL,1,1,1,0.3180,0.3080,0.2970,0.4040,0.2630,0.4040,0.4680,0.8420,0.1590,0.4790,0,0,0,0.022
1787468791.715,NORMAL,1,1,1,0.2960,0.2810,0.2860,0.4040,0.2630,0.4810,0.4680,0.8420,0.0000,0.4790,0,0,0,0.026
1787468792.000,NO_FACE,0,0,1,0.0000,0.0000,0.0000,0.0000,0.0000,0.0000,0.0000,0.0000,0.0000,0.0000,0,0,0,0.004
1787468792.427,NO_FACE,0,0,1,0.0000,0.0000,0.0000,0.0000,0.0000,0.0000,0.0000,0.0000,0.0000,0.0000,0,0,0,0.004
1787468792.704,NO_FACE,0,0,1,0.0000,0.0000,0.0000,0.0000,0.0000,0.0000,0.0000,0.0000,0.0000,0.0000,0,0,0,0.004
1787468792.988,NO_FACE,0,0,1,0.0000,0.0000,0.0000,0.0000,0.0000,0.0000,0.0000,0.0000,0.0000,0.0000,0,0,0,0.005
1787468793.262,NO_FACE,0,0,1,0.0000,0.0000,0.0000,0.0000,0.0000,0.0000,0.0000,0.0000,0.0000,0.0000,0,0,0,0.005
1787468793.541,NO_FACE,0,0,1,0.0000,0.0000,0.0000,0.0000,0.0000,0.0000,0.0000,0.0000,0.0000,0.0000,0,0,0,0.004
1787468793.829,NO_FACE,0,0,1,0.0000,0.0000,0.0000,0.0000,0.0000,0.0000,0.0000,0.0000,0.0000,0.0000,0,0,0,0.008
1787468794.111,NO_FACE,0,0,1,0.0000,0.0000,0.0000,0.0000,0.0000,0.0000,0.0000,0.0000,0.0000,0.0000,0,0,0,0.004
1787468794.393,NORMAL,1,1,1,0.3920,0.5890,0.2970,0.4040,0.2630,0.4730,0.4680,0.8420,0.0000,0.4790,0,0,0,0.021
1787468794.821,NORMAL,1,1,1,0.3430,0.3250,0.3100,0.4040,0.2630,0.4040,0.4680,0.8420,0.0000,0.4790,0,0,0,0.021
1787468795.105,NORMAL,1,1,1,0.3250,0.3060,0.3250,0.4040,0.2630,0.3980,0.4680,0.8420,0.0000,0.4790,0,0,0,0.021
1787468795.387,NORMAL,1,1,1,0.3320,0.3820,0.2880,0.4040,0.2630,0.3690,0.4680,0.8420,0.0000,0.4790,0,0,0,0.021
1787468795.658,NORMAL,1,1,1,0.3320,0.3820,0.2880,0.4040,0.2630,0.3690,0.4680,0.8420,0.0000,0.4790,0,0,0,0.021
1787468795.947,NORMAL,1,1,1,0.3330,0.3490,0.3170,0.4040,0.2630,0.3580,0.4680,0.8420,0.0000,0.4790,0,0,0,0.021
1787468796.234,NORMAL,1,1,1,0.3260,0.3020,0.3440,0.4040,0.2630,0.3780,0.4680,0.8420,0.0000,0.4790,0,0,0,0.022
1787468796.515,NORMAL,1,1,1,0.3270,0.3480,0.3060,0.4040,0.2630,0.3700,0.4680,0.8420,0.0000,0.4790,0,0,0,0.026
1787468796.805,NORMAL,1,1,1,0.3100,0.3110,0.2910,0.4040,0.2630,0.4000,0.4680,0.8420,0.0000,0.4790,0,0,0,0.020
1787468797.084,NORMAL,1,1,1,0.3070,0.3110,0.3000,0.4040,0.2630,0.4170,0.4680,0.8420,0.0000,0.4790,0,0,0,0.027
1787468797.364,NORMAL,1,1,1,0.3060,0.2920,0.3170,0.4040,0.2630,0.4010,0.4680,0.8420,0.0000,0.4790,0,0,0,0.023
1787468797.655,NORMAL,1,1,1,0.3070,0.3170,0.2980,0.4040,0.2630,0.3760,0.4680,0.8420,0.0000,0.4790,0,0,0,0.030
1787468797.935,NORMAL,1,1,1,0.3160,0.3290,0.3140,0.4040,0.2630,0.3790,0.4680,0.8420,0.0000,0.4790,0,0,0,0.021
1787468798.214,NORMAL,1,1,1,0.3070,0.2920,0.3110,0.4040,0.2630,0.4970,0.4680,0.8420,0.0000,0.4790,0,0,0,0.025
1787468798.493,NORMAL,1,1,1,0.3210,0.3060,0.3520,0.4040,0.2630,0.6770,0.4680,0.8420,0.0000,0.4790,0,0,0,0.022
1787468798.769,NORMAL,1,1,1,0.3060,0.2920,0.3020,0.4040,0.2630,0.7420,0.4680,0.8420,0.0000,0.4790,0,0,0,0.021
1787468799.049,NORMAL,1,1,1,0.3000,0.2920,0.3020,0.4040,0.2630,0.7400,0.4680,0.8420,0.0000,0.4790,0,0,0,0.021
1787468799.318,NORMAL,1,1,1,0.3110,0.3090,0.3270,0.4040,0.2630,0.7690,0.4680,0.8420,0.0000,0.4790,0,0,0,0.028
1787468799.604,NORMAL,1,1,1,0.3100,0.3020,0.3170,0.4040,0.2630,0.7810,0.4680,0.8420,0.0000,0.4790,0,0,0,0.025
1787468799.883,NORMAL,1,1,1,0.3110,0.3020,0.3210,0.4040,0.2630,0.8410,0.4680,0.8420,0.0000,0.4790,0,0,0,0.026
1787468800.156,NORMAL,1,1,1,0.3150,0.3090,0.3270,0.4040,0.2630,0.8490,0.4680,0.8420,0.0000,0.4790,0,0,0,0.022
1787468800.448,NORMAL,1,1,1,0.3220,0.3190,0.3330,0.4040,0.2630,0.8560,0.4680,0.8420,0.0000,0.4790,0,0,0,0.025
1787468800.741,NORMAL,1,1,1,0.3080,0.2980,0.3040,0.4040,0.2630,0.8580,0.4680,0.8420,0.0000,0.4790,0,0,0,0.018
1787468801.045,NORMAL,1,1,1,0.3090,0.3020,0.3170,0.4040,0.2630,0.8930,0.4680,0.8420,0.0000,0.4790,0,0,0,0.020
1787468801.319,YAWN,1,1,1,0.2840,0.2540,0.2860,0.4040,0.2630,0.8940,0.4680,0.8420,0.0000,0.4790,0,1,0,0.022
1787468801.813,YAWN,1,1,1,0.3060,0.3120,0.3080,0.4040,0.2630,0.8350,0.4680,0.8420,0.0000,0.4790,0,1,0,0.031
1787468802.093,YAWN,1,1,1,0.3060,0.3120,0.3080,0.4040,0.2630,0.8350,0.4680,0.8420,0.0000,0.4790,0,1,0,0.031
1787468802.368,YAWN,1,1,1,0.2970,0.2860,0.3080,0.4040,0.2630,0.7960,0.4680,0.8420,0.0000,0.4790,0,1,0,0.026
1787468802.650,YAWN,1,1,1,0.2980,0.2860,0.3110,0.4040,0.2630,0.8260,0.4680,0.8420,0.0000,0.4790,0,1,0,0.027
1787468802.926,YAWN,1,1,1,0.2920,0.2750,0.3020,0.4040,0.2630,0.8220,0.4680,0.8420,0.0000,0.4790,0,1,0,0.029
1787468803.213,YAWN,1,1,1,0.3570,0.2500,0.5340,0.4040,0.2630,0.8430,0.4680,0.8420,0.0000,0.4790,0,1,0,0.022
1787468803.489,YAWN,1,1,1,0.3570,0.2500,0.5340,0.4040,0.2630,0.8430,0.4680,0.8420,0.0000,0.4790,0,1,0,0.022
1787468803.765,YAWN,1,1,1,0.3270,0.3090,0.3140,0.4040,0.2630,0.8180,0.4680,0.8420,0.0000,0.4790,0,1,0,0.022
1787468804.043,YAWN,1,1,1,0.5280,1.0000,0.2900,0.4040,0.2630,0.6950,0.4680,0.8420,0.0000,0.4790,0,1,0,0.020
1787468804.316,YAWN,1,1,1,0.2860,0.0000,0.3100,0.4040,0.2630,1.2500,0.4680,0.8420,0.0000,0.4790,0,1,0,0.021
1787468804.609,YAWN,1,1,1,0.2860,0.0000,0.3100,0.4040,0.2630,1.2500,0.4680,0.8420,0.0000,0.4790,0,1,0,0.021
1787468804.888,YAWN,1,1,1,0.5290,0.9980,0.3240,0.4040,0.2630,0.9560,0.4680,0.8420,0.0000,0.4790,0,1,0,0.022
1787468805.159,YAWN,1,1,1,0.3910,0.3460,0.2870,0.4040,0.2630,0.7790,0.4680,0.8420,0.0000,0.4790,0,1,0,0.022
1787468805.436,YAWN,1,1,1,0.3100,0.2970,0.2950,0.4040,0.2630,0.6660,0.4680,0.8420,0.0000,0.4790,0,1,0,0.019
1787468805.713,YAWN,1,1,1,0.3140,0.3290,0.3040,0.4040,0.2630,0.7200,0.4680,0.8420,0.0000,0.4790,0,1,0,0.030
1787468805.985,YAWN,1,1,1,0.3140,0.3290,0.3040,0.4040,0.2630,0.7200,0.4680,0.8420,0.0000,0.4790,0,1,0,0.030
1787468806.259,YAWN,1,1,1,0.3120,0.3270,0.2960,0.4040,0.2630,0.7980,0.4680,0.8420,0.0000,0.4790,0,1,0,0.020
1787468806.538,YAWN,1,1,1,0.3000,0.2920,0.2960,0.4040,0.2630,0.7870,0.4680,0.8420,0.0000,0.4790,0,1,0,0.026
1787468806.828,YAWN,1,1,1,0.3020,0.2980,0.3080,0.4040,0.2630,0.8020,0.4680,0.8420,0.0000,0.4790,0,1,0,0.027
1787468807.106,YAWN,1,1,1,0.2900,0.2870,0.2790,0.4040,0.2630,0.7990,0.4680,0.8420,0.0000,0.4790,0,1,0,0.070
1787468807.385,YAWN,1,1,1,0.2950,0.3040,0.2910,0.4040,0.2630,0.7540,0.4680,0.8420,0.0000,0.4790,0,1,0,0.026
1787468807.658,NORMAL,1,1,1,0.2760,0.2670,0.2670,0.4040,0.2630,0.5980,0.4680,0.8420,0.0000,0.4790,0,0,0,0.020
1787468808.120,NORMAL,1,1,1,0.2740,0.2750,0.2700,0.4040,0.2630,0.4500,0.4680,0.8420,0.1230,0.4790,0,0,0,0.022
1787468808.401,NORMAL,1,1,1,0.2920,0.3020,0.3000,0.4040,0.2630,0.3880,0.4680,0.8420,0.0950,0.4790,0,0,0,0.024
1787468808.684,NORMAL,1,1,1,0.2920,0.3020,0.3000,0.4040,0.2630,0.3880,0.4680,0.8420,0.0950,0.4790,0,0,0,0.024
1787468808.977,NORMAL,1,1,1,0.3500,0.4840,0.2780,0.4040,0.2630,0.3730,0.4680,0.8420,0.0000,0.4790,0,0,0,0.023
1787468809.250,NORMAL,1,1,1,0.3640,0.4410,0.2920,0.4040,0.2630,0.3630,0.4680,0.8420,0.0000,0.4790,0,0,0,0.022
1787468809.524,NORMAL,1,1,1,0.3580,0.4260,0.2830,0.4040,0.2630,0.3580,0.4680,0.8420,0.0000,0.4790,0,0,0,0.021
1787468809.801,NORMAL,1,1,1,0.3580,0.4260,0.2830,0.4040,0.2630,0.3580,0.4680,0.8420,0.0000,0.4790,0,0,0,0.021
1787468810.086,NORMAL,1,1,1,0.3050,0.2740,0.2780,0.4040,0.2630,0.3680,0.4680,0.8420,0.0000,0.4790,0,0,0,0.022
1787468810.358,NORMAL,1,1,1,0.2770,0.2550,0.2690,0.4040,0.2630,0.3640,0.4680,0.8420,0.0000,0.4790,0,0,0,0.026
1787468810.635,NORMAL,1,1,1,0.2660,0.2550,0.2740,0.4040,0.2630,0.3700,0.4680,0.8420,0.0000,0.4790,0,0,0,0.025
1787468810.914,NORMAL,1,1,1,0.2620,0.2500,0.2690,0.4040,0.2630,0.3680,0.4680,0.8420,0.0000,0.4790,0,0,0,0.021
1787468811.190,NORMAL,1,1,1,0.2620,0.2500,0.2690,0.4040,0.2630,0.3680,0.4680,0.8420,0.0000,0.4790,0,0,0,0.021
1787468811.466,NORMAL,1,1,1,0.2710,0.2640,0.2870,0.4040,0.2630,0.3590,0.4680,0.8420,0.0000,0.4790,0,0,0,0.029
1787468811.743,NORMAL,1,1,1,0.2770,0.2830,0.2780,0.4040,0.2630,0.3600,0.4680,0.8420,0.0000,0.4790,0,0,0,0.028
1787468812.033,NORMAL,1,1,1,0.2740,0.2690,0.2780,0.4040,0.2630,0.3650,0.4680,0.8420,0.0000,0.4790,0,0,0,0.018
1787468812.325,NORMAL,1,1,1,0.2740,0.2690,0.2780,0.4040,0.2630,0.3700,0.4680,0.8420,0.0000,0.4790,0,0,0,0.021
1787468812.600,NORMAL,1,1,1,0.2750,0.2740,0.2780,0.4040,0.2630,0.3760,0.4680,0.8420,0.0000,0.4790,0,0,0,0.023
1787468812.886,NORMAL,1,1,1,0.2690,0.2690,0.2640,0.4040,0.2630,0.3740,0.4680,0.8420,0.0000,0.4790,0,0,0,0.021
1787468813.160,NORMAL,1,1,1,0.2750,0.2740,0.2830,0.4040,0.2630,0.3660,0.4680,0.8420,0.0000,0.4790,0,0,0,0.023
1787468813.451,NORMAL,1,1,1,0.2770,0.2740,0.2830,0.4040,0.2630,0.3570,0.4680,0.8420,0.0000,0.4790,0,0,0,0.021
1787468813.726,NORMAL,1,1,1,0.2760,0.2690,0.2830,0.4040,0.2630,0.3620,0.4680,0.8420,0.0000,0.4790,0,0,0,0.021
1787468814.010,NORMAL,1,1,1,0.2810,0.2740,0.2920,0.4040,0.2630,0.3530,0.4680,0.8420,0.0000,0.4790,0,0,0,0.019
1787468814.287,NORMAL,1,1,1,0.2710,0.2690,0.2640,0.4040,0.2630,0.3670,0.4680,0.8420,0.0000,0.4790,0,0,0,0.019
1787468814.563,NORMAL,1,1,1,0.2670,0.2550,0.2740,0.4040,0.2630,0.3510,0.4680,0.8420,0.0000,0.4790,0,0,0,0.022
1787468814.847,NORMAL,1,1,1,0.2660,0.2550,0.2780,0.4040,0.2630,0.3500,0.4680,0.8420,0.0000,0.4790,0,0,0,0.024
1787468815.126,NORMAL,1,1,1,0.2600,0.2500,0.2640,0.4040,0.2630,0.3590,0.4680,0.8420,0.0000,0.4790,0,0,0,0.025
1787468815.408,NORMAL,1,1,1,0.2640,0.2590,0.2730,0.4040,0.2630,0.3650,0.4680,0.8420,0.0000,0.4790,0,0,0,0.029
1787468815.680,NORMAL,1,1,1,0.2760,0.2740,0.2910,0.4040,0.2630,0.3540,0.4680,0.8420,0.0000,0.4790,0,0,0,0.024
1787468815.953,NORMAL,1,1,1,0.2770,0.2790,0.2780,0.4040,0.2630,0.3570,0.4680,0.8420,0.0000,0.4790,0,0,0,0.021
1787468816.230,NORMAL,1,1,1,0.3290,0.4260,0.2870,0.4040,0.2630,0.3420,0.4680,0.8420,0.0000,0.4790,0,0,0,0.020
1787468816.510,NORMAL,1,1,1,0.3710,0.4830,0.3060,0.4040,0.2630,0.3470,0.4680,0.8420,0.0000,0.4790,0,0,0,0.021
1787468816.790,NORMAL,1,1,1,0.3210,0.2890,0.3000,0.4040,0.2630,0.3560,0.4680,0.8420,0.0000,0.4790,0,0,0,0.023
1787468817.070,NORMAL,1,1,1,0.2930,0.2610,0.2960,0.4040,0.2630,0.3620,0.4680,0.8420,0.0000,0.4790,0,0,0,0.022
1787468817.346,NORMAL,1,1,1,0.2780,0.2550,0.2860,0.4040,0.2630,0.3790,0.4680,0.8420,0.0000,0.4790,0,0,0,0.019
1787468817.627,NORMAL,1,1,1,0.2910,0.2860,0.3090,0.4040,0.2630,0.4160,0.4680,0.8420,0.0000,0.4790,0,0,0,0.022
1787468817.904,NO_FACE,0,0,1,0.0000,0.0000,0.0000,0.0000,0.0000,0.0000,0.0000,0.0000,0.0000,0.0000,0,0,0,0.007
1787468818.382,NO_FACE,0,0,1,0.0000,0.0000,0.0000,0.0000,0.0000,0.0000,0.0000,0.0000,0.0000,0.0000,0,0,0,0.004
1787468818.654,NO_FACE,0,0,1,0.0000,0.0000,0.0000,0.0000,0.0000,0.0000,0.0000,0.0000,0.0000,0.0000,0,0,0,0.004
1787468818.931,NO_FACE,0,0,1,0.0000,0.0000,0.0000,0.0000,0.0000,0.0000,0.0000,0.0000,0.0000,0.0000,0,0,0,0.004
1787468819.222,NO_FACE,0,0,1,0.0000,0.0000,0.0000,0.0000,0.0000,0.0000,0.0000,0.0000,0.0000,0.0000,0,0,0,0.008
1787468819.505,NO_FACE,0,0,1,0.0000,0.0000,0.0000,0.0000,0.0000,0.0000,0.0000,0.0000,0.0000,0.0000,0,0,0,0.003
1787468819.773,NO_FACE,0,0,1,0.0000,0.0000,0.0000,0.0000,0.0000,0.0000,0.0000,0.0000,0.0000,0.0000,0,0,0,0.006
1787468820.055,NO_FACE,0,0,1,0.0000,0.0000,0.0000,0.0000,0.0000,0.0000,0.0000,0.0000,0.0000,0.0000,0,0,0,0.004
1787468820.337,NO_FACE,0,0,1,0.0000,0.0000,0.0000,0.0000,0.0000,0.0000,0.0000,0.0000,0.0000,0.0000,0,0,0,0.004
1787468820.611,NO_FACE,0,0,1,0.0000,0.0000,0.0000,0.0000,0.0000,0.0000,0.0000,0.0000,0.0000,0.0000,0,0,0,0.004
1787468820.880,NO_FACE,0,0,1,0.0000,0.0000,0.0000,0.0000,0.0000,0.0000,0.0000,0.0000,0.0000,0.0000,0,0,0,0.004
1787468821.160,NO_FACE,0,0,1,0.0000,0.0000,0.0000,0.0000,0.0000,0.0000,0.0000,0.0000,0.0000,0.0000,0,0,0,0.005
1787468821.441,NO_FACE,0,0,1,0.0000,0.0000,0.0000,0.0000,0.0000,0.0000,0.0000,0.0000,0.0000,0.0000,0,0,0,0.005
1787468821.738,NO_FACE,0,0,1,0.0000,0.0000,0.0000,0.0000,0.0000,0.0000,0.0000,0.0000,0.0000,0.0000,0,0,0,0.005
1787468822.018,NO_FACE,0,0,1,0.0000,0.0000,0.0000,0.0000,0.0000,0.0000,0.0000,0.0000,0.0000,0.0000,0,0,0,0.002
1787468822.285,NO_FACE,0,0,1,0.0000,0.0000,0.0000,0.0000,0.0000,0.0000,0.0000,0.0000,0.0000,0.0000,0,0,0,0.002
1787468822.563,NO_FACE,0,0,1,0.0000,0.0000,0.0000,0.0000,0.0000,0.0000,0.0000,0.0000,0.0000,0.0000,0,0,0,0.003
1787468822.835,NO_FACE,0,0,1,0.0000,0.0000,0.0000,0.0000,0.0000,0.0000,0.0000,0.0000,0.0000,0.0000,0,0,0,0.003
1787468823.114,NO_FACE,0,0,1,0.0000,0.0000,0.0000,0.0000,0.0000,0.0000,0.0000,0.0000,0.0000,0.0000,0,0,0,0.005
1787468823.401,NO_FACE,0,0,1,0.0000,0.0000,0.0000,0.0000,0.0000,0.0000,0.0000,0.0000,0.0000,0.0000,0,0,0,0.004
1787468823.672,NO_FACE,0,0,1,0.0000,0.0000,0.0000,0.0000,0.0000,0.0000,0.0000,0.0000,0.0000,0.0000,0,0,0,0.004
1787468823.944,NO_FACE,0,0,1,0.0000,0.0000,0.0000,0.0000,0.0000,0.0000,0.0000,0.0000,0.0000,0.0000,0,0,0,0.004
1787468824.229,NO_FACE,0,0,1,0.0000,0.0000,0.0000,0.0000,0.0000,0.0000,0.0000,0.0000,0.0000,0.0000,0,0,0,0.004
1787468824.514,NO_FACE,0,0,1,0.0000,0.0000,0.0000,0.0000,0.0000,0.0000,0.0000,0.0000,0.0000,0.0000,0,0,0,0.005
1787468824.793,NO_FACE,0,0,1,0.0000,0.0000,0.0000,0.0000,0.0000,0.0000,0.0000,0.0000,0.0000,0.0000,0,0,0,0.006
1787468825.089,NO_FACE,0,0,1,0.0000,0.0000,0.0000,0.0000,0.0000,0.0000,0.0000,0.0000,0.0000,0.0000,0,0,0,0.004
1787468825.378,NO_FACE,0,0,1,0.0000,0.0000,0.0000,0.0000,0.0000,0.0000,0.0000,0.0000,0.0000,0.0000,0,0,0,0.003
1787468825.652,NO_FACE,0,0,1,0.0000,0.0000,0.0000,0.0000,0.0000,0.0000,0.0000,0.0000,0.0000,0.0000,0,0,0,0.006
1787468825.929,NO_FACE,0,0,1,0.0000,0.0000,0.0000,0.0000,0.0000,0.0000,0.0000,0.0000,0.0000,0.0000,0,0,0,0.005
1787468826.213,NO_FACE,0,0,1,0.0000,0.0000,0.0000,0.0000,0.0000,0.0000,0.0000,0.0000,0.0000,0.0000,0,0,0,0.005
1787468826.498,NO_FACE,0,0,1,0.0000,0.0000,0.0000,0.0000,0.0000,0.0000,0.0000,0.0000,0.0000,0.0000,0,0,0,0.002
1787468826.796,NO_FACE,0,0,1,0.0000,0.0000,0.0000,0.0000,0.0000,0.0000,0.0000,0.0000,0.0000,0.0000,0,0,0,0.009
1787468827.074,NO_FACE,0,0,1,0.0000,0.0000,0.0000,0.0000,0.0000,0.0000,0.0000,0.0000,0.0000,0.0000,0,0,0,0.004
1787468827.362,NO_FACE,0,0,1,0.0000,0.0000,0.0000,0.0000,0.0000,0.0000,0.0000,0.0000,0.0000,0.0000,0,0,0,0.005
1787468827.651,NO_FACE,0,0,1,0.0000,0.0000,0.0000,0.0000,0.0000,0.0000,0.0000,0.0000,0.0000,0.0000,0,0,0,0.075
1787468827.929,NO_FACE,0,0,1,0.0000,0.0000,0.0000,0.0000,0.0000,0.0000,0.0000,0.0000,0.0000,0.0000,0,0,0,0.005
1787468828.202,NO_FACE,0,0,1,0.0000,0.0000,0.0000,0.0000,0.0000,0.0000,0.0000,0.0000,0.0000,0.0000,0,0,0,0.004
1787468828.476,NO_FACE,0,0,1,0.0000,0.0000,0.0000,0.0000,0.0000,0.0000,0.0000,0.0000,0.0000,0.0000,0,0,0,0.007
1787468828.758,NO_FACE,0,0,1,0.0000,0.0000,0.0000,0.0000,0.0000,0.0000,0.0000,0.0000,0.0000,0.0000,0,0,0,0.004
1787468829.049,NO_FACE,0,0,1,0.0000,0.0000,0.0000,0.0000,0.0000,0.0000,0.0000,0.0000,0.0000,0.0000,0,0,0,0.004
1787468829.330,NO_FACE,0,0,1,0.0000,0.0000,0.0000,0.0000,0.0000,0.0000,0.0000,0.0000,0.0000,0.0000,0,0,0,0.004
1787468829.614,NO_FACE,0,0,1,0.0000,0.0000,0.0000,0.0000,0.0000,0.0000,0.0000,0.0000,0.0000,0.0000,0,0,0,0.005
1787468829.884,NO_FACE,0,0,1,0.0000,0.0000,0.0000,0.0000,0.0000,0.0000,0.0000,0.0000,0.0000,0.0000,0,0,0,0.006
1787468830.152,NO_FACE,0,0,1,0.0000,0.0000,0.0000,0.0000,0.0000,0.0000,0.0000,0.0000,0.0000,0.0000,0,0,0,0.006
1787468830.426,NO_FACE,0,0,1,0.0000,0.0000,0.0000,0.0000,0.0000,0.0000,0.0000,0.0000,0.0000,0.0000,0,0,0,0.008
1787468830.704,NO_FACE,0,0,1,0.0000,0.0000,0.0000,0.0000,0.0000,0.0000,0.0000,0.0000,0.0000,0.0000,0,0,0,0.008
1787468830.996,NO_FACE,0,0,1,0.0000,0.0000,0.0000,0.0000,0.0000,0.0000,0.0000,0.0000,0.0000,0.0000,0,0,0,0.006
1787468831.280,NO_FACE,0,0,1,0.0000,0.0000,0.0000,0.0000,0.0000,0.0000,0.0000,0.0000,0.0000,0.0000,0,0,0,0.006
1787468831.558,NO_FACE,0,0,1,0.0000,0.0000,0.0000,0.0000,0.0000,0.0000,0.0000,0.0000,0.0000,0.0000,0,0,0,0.005
1787468831.848,NO_FACE,0,0,1,0.0000,0.0000,0.0000,0.0000,0.0000,0.0000,0.0000,0.0000,0.0000,0.0000,0,0,0,0.007
1787468832.117,NO_FACE,0,0,1,0.0000,0.0000,0.0000,0.0000,0.0000,0.0000,0.0000,0.0000,0.0000,0.0000,0,0,0,0.007
1787468832.387,NO_FACE,0,0,1,0.0000,0.0000,0.0000,0.0000,0.0000,0.0000,0.0000,0.0000,0.0000,0.0000,0,0,0,0.004
1787468832.653,NO_FACE,0,0,1,0.0000,0.0000,0.0000,0.0000,0.0000,0.0000,0.0000,0.0000,0.0000,0.0000,0,0,0,0.009
1787468832.930,NO_FACE,0,0,1,0.0000,0.0000,0.0000,0.0000,0.0000,0.0000,0.0000,0.0000,0.0000,0.0000,0,0,0,0.005
1787468833.205,NO_FACE,0,0,1,0.0000,0.0000,0.0000,0.0000,0.0000,0.0000,0.0000,0.0000,0.0000,0.0000,0,0,0,0.004
1787468833.478,NO_FACE,0,0,1,0.0000,0.0000,0.0000,0.0000,0.0000,0.0000,0.0000,0.0000,0.0000,0.0000,0,0,0,0.004
1787468833.749,NO_FACE,0,0,1,0.0000,0.0000,0.0000,0.0000,0.0000,0.0000,0.0000,0.0000,0.0000,0.0000,0,0,0,0.006
1787468834.014,NO_FACE,0,0,1,0.0000,0.0000,0.0000,0.0000,0.0000,0.0000,0.0000,0.0000,0.0000,0.0000,0,0,0,0.005
1787468834.292,NO_FACE,0,0,1,0.0000,0.0000,0.0000,0.0000,0.0000,0.0000,0.0000,0.0000,0.0000,0.0000,0,0,0,0.008
1787468834.566,NO_FACE,0,0,1,0.0000,0.0000,0.0000,0.0000,0.0000,0.0000,0.0000,0.0000,0.0000,0.0000,0,0,0,0.003
1787468834.849,NO_FACE,0,0,1,0.0000,0.0000,0.0000,0.0000,0.0000,0.0000,0.0000,0.0000,0.0000,0.0000,0,0,0,0.003
1787468835.129,NO_FACE,0,0,1,0.0000,0.0000,0.0000,0.0000,0.0000,0.0000,0.0000,0.0000,0.0000,0.0000,0,0,0,0.005
1787468835.410,NO_FACE,0,0,1,0.0000,0.0000,0.0000,0.0000,0.0000,0.0000,0.0000,0.0000,0.0000,0.0000,0,0,0,0.004
1787468835.692,NO_FACE,0,0,1,0.0000,0.0000,0.0000,0.0000,0.0000,0.0000,0.0000,0.0000,0.0000,0.0000,0,0,0,0.007
1787468835.976,NO_FACE,0,0,1,0.0000,0.0000,0.0000,0.0000,0.0000,0.0000,0.0000,0.0000,0.0000,0.0000,0,0,0,0.006
1787468836.260,NO_FACE,0,0,1,0.0000,0.0000,0.0000,0.0000,0.0000,0.0000,0.0000,0.0000,0.0000,0.0000,0,0,0,0.006
1787468836.544,NO_FACE,0,0,1,0.0000,0.0000,0.0000,0.0000,0.0000,0.0000,0.0000,0.0000,0.0000,0.0000,0,0,0,0.006
1787468836.810,NO_FACE,0,0,1,0.0000,0.0000,0.0000,0.0000,0.0000,0.0000,0.0000,0.0000,0.0000,0.0000,0,0,0,0.004
1787468837.093,NO_FACE,0,0,1,0.0000,0.0000,0.0000,0.0000,0.0000,0.0000,0.0000,0.0000,0.0000,0.0000,0,0,0,0.004
1787468837.387,NO_FACE,0,0,1,0.0000,0.0000,0.0000,0.0000,0.0000,0.0000,0.0000,0.0000,0.0000,0.0000,0,0,0,0.005
1787468837.676,NO_FACE,0,0,1,0.0000,0.0000,0.0000,0.0000,0.0000,0.0000,0.0000,0.0000,0.0000,0.0000,0,0,0,0.005
1787468837.969,NO_FACE,0,0,1,0.0000,0.0000,0.0000,0.0000,0.0000,0.0000,0.0000,0.0000,0.0000,0.0000,0,0,0,0.003
1787468838.247,NO_FACE,0,0,1,0.0000,0.0000,0.0000,0.0000,0.0000,0.0000,0.0000,0.0000,0.0000,0.0000,0,0,0,0.007
1787468838.535,NO_FACE,0,0,1,0.0000,0.0000,0.0000,0.0000,0.0000,0.0000,0.0000,0.0000,0.0000,0.0000,0,0,0,0.004
1787468838.842,NO_FACE,0,0,1,0.0000,0.0000,0.0000,0.0000,0.0000,0.0000,0.0000,0.0000,0.0000,0.0000,0,0,0,0.008
1787468839.139,NO_FACE,0,0,1,0.0000,0.0000,0.0000,0.0000,0.0000,0.0000,0.0000,0.0000,0.0000,0.0000,0,0,0,0.005
1787468839.430,NO_FACE,0,0,1,0.0000,0.0000,0.0000,0.0000,0.0000,0.0000,0.0000,0.0000,0.0000,0.0000,0,0,0,0.007
1787468839.712,NO_FACE,0,0,1,0.0000,0.0000,0.0000,0.0000,0.0000,0.0000,0.0000,0.0000,0.0000,0.0000,0,0,0,0.006
1787468840.005,NO_FACE,0,0,1,0.0000,0.0000,0.0000,0.0000,0.0000,0.0000,0.0000,0.0000,0.0000,0.0000,0,0,0,0.006
1787468840.304,NO_FACE,0,0,1,0.0000,0.0000,0.0000,0.0000,0.0000,0.0000,0.0000,0.0000,0.0000,0.0000,0,0,0,0.004
1787468840.598,NO_FACE,0,0,1,0.0000,0.0000,0.0000,0.0000,0.0000,0.0000,0.0000,0.0000,0.0000,0.0000,0,0,0,0.004
1787468840.884,NO_FACE,0,0,1,0.0000,0.0000,0.0000,0.0000,0.0000,0.0000,0.0000,0.0000,0.0000,0.0000,0,0,0,0.005
1787468841.158,NO_FACE,0,0,1,0.0000,0.0000,0.0000,0.0000,0.0000,0.0000,0.0000,0.0000,0.0000,0.0000,0,0,0,0.006
1787468841.430,NO_FACE,0,0,1,0.0000,0.0000,0.0000,0.0000,0.0000,0.0000,0.0000,0.0000,0.0000,0.0000,0,0,0,0.005
1787468841.700,NO_FACE,0,0,1,0.0000,0.0000,0.0000,0.0000,0.0000,0.0000,0.0000,0.0000,0.0000,0.0000,0,0,0,0.004
1787468841.984,NO_FACE,0,0,1,0.0000,0.0000,0.0000,0.0000,0.0000,0.0000,0.0000,0.0000,0.0000,0.0000,0,0,0,0.006
1787468842.271,NO_FACE,0,0,1,0.0000,0.0000,0.0000,0.0000,0.0000,0.0000,0.0000,0.0000,0.0000,0.0000,0,0,0,0.004
1787468842.550,NO_FACE,0,0,1,0.0000,0.0000,0.0000,0.0000,0.0000,0.0000,0.0000,0.0000,0.0000,0.0000,0,0,0,0.006
1787468842.816,NO_FACE,0,0,1,0.0000,0.0000,0.0000,0.0000,0.0000,0.0000,0.0000,0.0000,0.0000,0.0000,0,0,0,0.004
1787468843.098,NO_FACE,0,0,1,0.0000,0.0000,0.0000,0.0000,0.0000,0.0000,0.0000,0.0000,0.0000,0.0000,0,0,0,0.006
1787468843.399,NO_FACE,0,0,1,0.0000,0.0000,0.0000,0.0000,0.0000,0.0000,0.0000,0.0000,0.0000,0.0000,0,0,0,0.009
1787468843.685,NO_FACE,0,0,1,0.0000,0.0000,0.0000,0.0000,0.0000,0.0000,0.0000,0.0000,0.0000,0.0000,0,0,0,0.005
1787468843.970,NO_FACE,0,0,1,0.0000,0.0000,0.0000,0.0000,0.0000,0.0000,0.0000,0.0000,0.0000,0.0000,0,0,0,0.006
1787468844.248,NO_FACE,0,0,1,0.0000,0.0000,0.0000,0.0000,0.0000,0.0000,0.0000,0.0000,0.0000,0.0000,0,0,0,0.006
1787468844.524,NO_FACE,0,0,1,0.0000,0.0000,0.0000,0.0000,0.0000,0.0000,0.0000,0.0000,0.0000,0.0000,0,0,0,0.004
1787468844.812,NO_FACE,0,0,1,0.0000,0.0000,0.0000,0.0000,0.0000,0.0000,0.0000,0.0000,0.0000,0.0000,0,0,0,0.008
1787468845.078,NO_FACE,0,0,1,0.0000,0.0000,0.0000,0.0000,0.0000,0.0000,0.0000,0.0000,0.0000,0.0000,0,0,0,0.004
1787468845.351,NO_FACE,0,0,1,0.0000,0.0000,0.0000,0.0000,0.0000,0.0000,0.0000,0.0000,0.0000,0.0000,0,0,0,0.005
1787468845.621,NO_FACE,0,0,1,0.0000,0.0000,0.0000,0.0000,0.0000,0.0000,0.0000,0.0000,0.0000,0.0000,0,0,0,0.006
1787468845.893,NO_FACE,0,0,1,0.0000,0.0000,0.0000,0.0000,0.0000,0.0000,0.0000,0.0000,0.0000,0.0000,0,0,0,0.003
1787468846.169,NO_FACE,0,0,1,0.0000,0.0000,0.0000,0.0000,0.0000,0.0000,0.0000,0.0000,0.0000,0.0000,0,0,0,0.004
1787468846.452,NO_FACE,0,0,1,0.0000,0.0000,0.0000,0.0000,0.0000,0.0000,0.0000,0.0000,0.0000,0.0000,0,0,0,0.004
1787468846.747,NO_FACE,0,0,1,0.0000,0.0000,0.0000,0.0000,0.0000,0.0000,0.0000,0.0000,0.0000,0.0000,0,0,0,0.002
1787468847.016,NO_FACE,0,0,1,0.0000,0.0000,0.0000,0.0000,0.0000,0.0000,0.0000,0.0000,0.0000,0.0000,0,0,0,0.004
1787468847.293,NO_FACE,0,0,1,0.0000,0.0000,0.0000,0.0000,0.0000,0.0000,0.0000,0.0000,0.0000,0.0000,0,0,0,0.004
1787468847.564,NO_FACE,0,0,1,0.0000,0.0000,0.0000,0.0000,0.0000,0.0000,0.0000,0.0000,0.0000,0.0000,0,0,0,0.006
1787468847.848,NO_FACE,0,0,1,0.0000,0.0000,0.0000,0.0000,0.0000,0.0000,0.0000,0.0000,0.0000,0.0000,0,0,0,0.006
1787468848.116,NO_FACE,0,0,1,0.0000,0.0000,0.0000,0.0000,0.0000,0.0000,0.0000,0.0000,0.0000,0.0000,0,0,0,0.005
1787468848.393,NO_FACE,0,0,1,0.0000,0.0000,0.0000,0.0000,0.0000,0.0000,0.0000,0.0000,0.0000,0.0000,0,0,0,0.005
1787468848.660,NO_FACE,0,0,1,0.0000,0.0000,0.0000,0.0000,0.0000,0.0000,0.0000,0.0000,0.0000,0.0000,0,0,0,0.005
1787468848.933,NO_FACE,0,0,1,0.0000,0.0000,0.0000,0.0000,0.0000,0.0000,0.0000,0.0000,0.0000,0.0000,0,0,0,0.005
1787468849.220,NO_FACE,0,0,1,0.0000,0.0000,0.0000,0.0000,0.0000,0.0000,0.0000,0.0000,0.0000,0.0000,0,0,0,0.005
1787468849.510,NO_FACE,0,0,1,0.0000,0.0000,0.0000,0.0000,0.0000,0.0000,0.0000,0.0000,0.0000,0.0000,0,0,0,0.004
1787468849.793,NO_FACE,0,0,1,0.0000,0.0000,0.0000,0.0000,0.0000,0.0000,0.0000,0.0000,0.0000,0.0000,0,0,0,0.007
1787468850.080,NO_FACE,0,0,1,0.0000,0.0000,0.0000,0.0000,0.0000,0.0000,0.0000,0.0000,0.0000,0.0000,0,0,0,0.005
1787468850.353,NO_FACE,0,0,1,0.0000,0.0000,0.0000,0.0000,0.0000,0.0000,0.0000,0.0000,0.0000,0.0000,0,0,0,0.005
1787468850.650,NO_FACE,0,0,1,0.0000,0.0000,0.0000,0.0000,0.0000,0.0000,0.0000,0.0000,0.0000,0.0000,0,0,0,0.006
1787468850.947,NO_FACE,0,0,1,0.0000,0.0000,0.0000,0.0000,0.0000,0.0000,0.0000,0.0000,0.0000,0.0000,0,0,0,0.005
1787468851.215,NO_FACE,0,0,1,0.0000,0.0000,0.0000,0.0000,0.0000,0.0000,0.0000,0.0000,0.0000,0.0000,0,0,0,0.005
1787468851.498,NO_FACE,0,0,1,0.0000,0.0000,0.0000,0.0000,0.0000,0.0000,0.0000,0.0000,0.0000,0.0000,0,0,0,0.003
1787468851.776,NO_FACE,0,0,1,0.0000,0.0000,0.0000,0.0000,0.0000,0.0000,0.0000,0.0000,0.0000,0.0000,0,0,0,0.009
1787468852.047,NO_FACE,0,0,1,0.0000,0.0000,0.0000,0.0000,0.0000,0.0000,0.0000,0.0000,0.0000,0.0000,0,0,0,0.003
1787468852.334,NO_FACE,0,0,1,0.0000,0.0000,0.0000,0.0000,0.0000,0.0000,0.0000,0.0000,0.0000,0.0000,0,0,0,0.004
1787468852.609,NO_FACE,0,0,1,0.0000,0.0000,0.0000,0.0000,0.0000,0.0000,0.0000,0.0000,0.0000,0.0000,0,0,0,0.005
1787468852.884,NO_FACE,0,0,1,0.0000,0.0000,0.0000,0.0000,0.0000,0.0000,0.0000,0.0000,0.0000,0.0000,0,0,0,0.003
1787468853.158,NO_FACE,0,0,1,0.0000,0.0000,0.0000,0.0000,0.0000,0.0000,0.0000,0.0000,0.0000,0.0000,0,0,0,0.005
1787468853.428,NO_FACE,0,0,1,0.0000,0.0000,0.0000,0.0000,0.0000,0.0000,0.0000,0.0000,0.0000,0.0000,0,0,0,0.005
1787468853.700,NO_FACE,0,0,1,0.0000,0.0000,0.0000,0.0000,0.0000,0.0000,0.0000,0.0000,0.0000,0.0000,0,0,0,0.005
1787468853.963,NO_FACE,0,0,1,0.0000,0.0000,0.0000,0.0000,0.0000,0.0000,0.0000,0.0000,0.0000,0.0000,0,0,0,0.004
1787468854.229,NO_FACE,0,0,1,0.0000,0.0000,0.0000,0.0000,0.0000,0.0000,0.0000,0.0000,0.0000,0.0000,0,0,0,0.004
1787468854.499,NO_FACE,0,0,1,0.0000,0.0000,0.0000,0.0000,0.0000,0.0000,0.0000,0.0000,0.0000,0.0000,0,0,0,0.005
1787468854.769,NO_FACE,0,0,1,0.0000,0.0000,0.0000,0.0000,0.0000,0.0000,0.0000,0.0000,0.0000,0.0000,0,0,0,0.005
1787468855.039,NO_FACE,0,0,1,0.0000,0.0000,0.0000,0.0000,0.0000,0.0000,0.0000,0.0000,0.0000,0.0000,0,0,0,0.004
1787468855.312,NO_FACE,0,0,1,0.0000,0.0000,0.0000,0.0000,0.0000,0.0000,0.0000,0.0000,0.0000,0.0000,0,0,0,0.004
1787468855.578,NO_FACE,0,0,1,0.0000,0.0000,0.0000,0.0000,0.0000,0.0000,0.0000,0.0000,0.0000,0.0000,0,0,0,0.008
1787468855.848,NO_FACE,0,0,1,0.0000,0.0000,0.0000,0.0000,0.0000,0.0000,0.0000,0.0000,0.0000,0.0000,0,0,0,0.004
1787468856.115,NO_FACE,0,0,1,0.0000,0.0000,0.0000,0.0000,0.0000,0.0000,0.0000,0.0000,0.0000,0.0000,0,0,0,0.006
1787468856.381,NO_FACE,0,0,1,0.0000,0.0000,0.0000,0.0000,0.0000,0.0000,0.0000,0.0000,0.0000,0.0000,0,0,0,0.004
1787468856.649,NO_FACE,0,0,1,0.0000,0.0000,0.0000,0.0000,0.0000,0.0000,0.0000,0.0000,0.0000,0.0000,0,0,0,0.007
1787468856.912,NO_FACE,0,0,1,0.0000,0.0000,0.0000,0.0000,0.0000,0.0000,0.0000,0.0000,0.0000,0.0000,0,0,0,0.004
1787468857.184,NO_FACE,0,0,1,0.0000,0.0000,0.0000,0.0000,0.0000,0.0000,0.0000,0.0000,0.0000,0.0000,0,0,0,0.006
1787468857.455,NO_FACE,0,0,1,0.0000,0.0000,0.0000,0.0000,0.0000,0.0000,0.0000,0.0000,0.0000,0.0000,0,0,0,0.005
1787468857.730,NO_FACE,0,0,1,0.0000,0.0000,0.0000,0.0000,0.0000,0.0000,0.0000,0.0000,0.0000,0.0000,0,0,0,0.008
1787468858.005,NO_FACE,0,0,1,0.0000,0.0000,0.0000,0.0000,0.0000,0.0000,0.0000,0.0000,0.0000,0.0000,0,0,0,0.005
1787468858.278,NO_FACE,0,0,1,0.0000,0.0000,0.0000,0.0000,0.0000,0.0000,0.0000,0.0000,0.0000,0.0000,0,0,0,0.005
1787468858.557,NO_FACE,0,0,1,0.0000,0.0000,0.0000,0.0000,0.0000,0.0000,0.0000,0.0000,0.0000,0.0000,0,0,0,0.004
1787468858.825,NO_FACE,0,0,1,0.0000,0.0000,0.0000,0.0000,0.0000,0.0000,0.0000,0.0000,0.0000,0.0000,0,0,0,0.004
1787468859.095,NO_FACE,0,0,1,0.0000,0.0000,0.0000,0.0000,0.0000,0.0000,0.0000,0.0000,0.0000,0.0000,0,0,0,0.003
1787468859.372,NO_FACE,0,0,1,0.0000,0.0000,0.0000,0.0000,0.0000,0.0000,0.0000,0.0000,0.0000,0.0000,0,0,0,0.005
1787468859.647,NO_FACE,0,0,1,0.0000,0.0000,0.0000,0.0000,0.0000,0.0000,0.0000,0.0000,0.0000,0.0000,0,0,0,0.007
1787468859.921,NO_FACE,0,0,1,0.0000,0.0000,0.0000,0.0000,0.0000,0.0000,0.0000,0.0000,0.0000,0.0000,0,0,0,0.004
1787468860.204,NO_FACE,0,0,1,0.0000,0.0000,0.0000,0.0000,0.0000,0.0000,0.0000,0.0000,0.0000,0.0000,0,0,0,0.005
1787468860.481,NO_FACE,0,0,1,0.0000,0.0000,0.0000,0.0000,0.0000,0.0000,0.0000,0.0000,0.0000,0.0000,0,0,0,0.006
1787468860.746,NO_FACE,0,0,1,0.0000,0.0000,0.0000,0.0000,0.0000,0.0000,0.0000,0.0000,0.0000,0.0000,0,0,0,0.003
1787468861.010,NO_FACE,0,0,1,0.0000,0.0000,0.0000,0.0000,0.0000,0.0000,0.0000,0.0000,0.0000,0.0000,0,0,0,0.006
1787468861.291,NO_FACE,0,0,1,0.0000,0.0000,0.0000,0.0000,0.0000,0.0000,0.0000,0.0000,0.0000,0.0000,0,0,0,0.004
1787468861.564,NO_FACE,0,0,1,0.0000,0.0000,0.0000,0.0000,0.0000,0.0000,0.0000,0.0000,0.0000,0.0000,0,0,0,0.004
1787468861.831,NO_FACE,0,0,1,0.0000,0.0000,0.0000,0.0000,0.0000,0.0000,0.0000,0.0000,0.0000,0.0000,0,0,0,0.006
1787468862.104,NO_FACE,0,0,1,0.0000,0.0000,0.0000,0.0000,0.0000,0.0000,0.0000,0.0000,0.0000,0.0000,0,0,0,0.004
1787468862.376,NO_FACE,0,0,1,0.0000,0.0000,0.0000,0.0000,0.0000,0.0000,0.0000,0.0000,0.0000,0.0000,0,0,0,0.002
1787468862.650,NO_FACE,0,0,1,0.0000,0.0000,0.0000,0.0000,0.0000,0.0000,0.0000,0.0000,0.0000,0.0000,0,0,0,0.005
1787468862.927,NO_FACE,0,0,1,0.0000,0.0000,0.0000,0.0000,0.0000,0.0000,0.0000,0.0000,0.0000,0.0000,0,0,0,0.005
1787468863.195,NO_FACE,0,0,1,0.0000,0.0000,0.0000,0.0000,0.0000,0.0000,0.0000,0.0000,0.0000,0.0000,0,0,0,0.004
1787468863.474,NO_FACE,0,0,1,0.0000,0.0000,0.0000,0.0000,0.0000,0.0000,0.0000,0.0000,0.0000,0.0000,0,0,0,0.004
1787468863.744,NO_FACE,0,0,1,0.0000,0.0000,0.0000,0.0000,0.0000,0.0000,0.0000,0.0000,0.0000,0.0000,0,0,0,0.006
1787468864.023,NO_FACE,0,0,1,0.0000,0.0000,0.0000,0.0000,0.0000,0.0000,0.0000,0.0000,0.0000,0.0000,0,0,0,0.006
1787468864.287,NO_FACE,0,0,1,0.0000,0.0000,0.0000,0.0000,0.0000,0.0000,0.0000,0.0000,0.0000,0.0000,0,0,0,0.005
1787468864.570,NO_FACE,0,0,1,0.0000,0.0000,0.0000,0.0000,0.0000,0.0000,0.0000,0.0000,0.0000,0.0000,0,0,0,0.004
1787468864.842,NO_FACE,0,0,1,0.0000,0.0000,0.0000,0.0000,0.0000,0.0000,0.0000,0.0000,0.0000,0.0000,0,0,0,0.007
1787468865.120,NO_FACE,0,0,1,0.0000,0.0000,0.0000,0.0000,0.0000,0.0000,0.0000,0.0000,0.0000,0.0000,0,0,0,0.005
1787468865.393,NO_FACE,0,0,1,0.0000,0.0000,0.0000,0.0000,0.0000,0.0000,0.0000,0.0000,0.0000,0.0000,0,0,0,0.005
1787468865.657,NO_FACE,0,0,1,0.0000,0.0000,0.0000,0.0000,0.0000,0.0000,0.0000,0.0000,0.0000,0.0000,0,0,0,0.005
1787468865.923,NO_FACE,0,0,1,0.0000,0.0000,0.0000,0.0000,0.0000,0.0000,0.0000,0.0000,0.0000,0.0000,0,0,0,0.005
1787468866.203,NO_FACE,0,0,1,0.0000,0.0000,0.0000,0.0000,0.0000,0.0000,0.0000,0.0000,0.0000,0.0000,0,0,0,0.004
1787468866.473,NO_FACE,0,0,1,0.0000,0.0000,0.0000,0.0000,0.0000,0.0000,0.0000,0.0000,0.0000,0.0000,0,0,0,0.004
1787468866.750,NO_FACE,0,0,1,0.0000,0.0000,0.0000,0.0000,0.0000,0.0000,0.0000,0.0000,0.0000,0.0000,0,0,0,0.005
1787468867.019,NO_FACE,0,0,1,0.0000,0.0000,0.0000,0.0000,0.0000,0.0000,0.0000,0.0000,0.0000,0.0000,0,0,0,0.006
1787468867.292,NO_FACE,0,0,1,0.0000,0.0000,0.0000,0.0000,0.0000,0.0000,0.0000,0.0000,0.0000,0.0000,0,0,0,0.003
1787468867.556,NO_FACE,0,0,1,0.0000,0.0000,0.0000,0.0000,0.0000,0.0000,0.0000,0.0000,0.0000,0.0000,0,0,0,0.005
1787468867.829,NO_FACE,0,0,1,0.0000,0.0000,0.0000,0.0000,0.0000,0.0000,0.0000,0.0000,0.0000,0.0000,0,0,0,0.005
1787468868.120,NO_FACE,0,0,1,0.0000,0.0000,0.0000,0.0000,0.0000,0.0000,0.0000,0.0000,0.0000,0.0000,0,0,0,0.005
1787468868.392,NO_FACE,0,0,1,0.0000,0.0000,0.0000,0.0000,0.0000,0.0000,0.0000,0.0000,0.0000,0.0000,0,0,0,0.005
1787468868.668,NO_FACE,0,0,1,0.0000,0.0000,0.0000,0.0000,0.0000,0.0000,0.0000,0.0000,0.0000,0.0000,0,0,0,0.005
1787468868.939,NO_FACE,0,0,1,0.0000,0.0000,0.0000,0.0000,0.0000,0.0000,0.0000,0.0000,0.0000,0.0000,0,0,0,0.002
1787468869.211,NO_FACE,0,0,1,0.0000,0.0000,0.0000,0.0000,0.0000,0.0000,0.0000,0.0000,0.0000,0.0000,0,0,0,0.005
1787468869.484,NO_FACE,0,0,1,0.0000,0.0000,0.0000,0.0000,0.0000,0.0000,0.0000,0.0000,0.0000,0.0000,0,0,0,0.006
1787468869.758,NO_FACE,0,0,1,0.0000,0.0000,0.0000,0.0000,0.0000,0.0000,0.0000,0.0000,0.0000,0.0000,0,0,0,0.001
1787468870.032,NO_FACE,0,0,1,0.0000,0.0000,0.0000,0.0000,0.0000,0.0000,0.0000,0.0000,0.0000,0.0000,0,0,0,0.001
1787468870.298,NO_FACE,0,0,1,0.0000,0.0000,0.0000,0.0000,0.0000,0.0000,0.0000,0.0000,0.0000,0.0000,0,0,0,0.006
1787468870.570,NO_FACE,0,0,1,0.0000,0.0000,0.0000,0.0000,0.0000,0.0000,0.0000,0.0000,0.0000,0.0000,0,0,0,0.005
1787468870.852,NO_FACE,0,0,1,0.0000,0.0000,0.0000,0.0000,0.0000,0.0000,0.0000,0.0000,0.0000,0.0000,0,0,0,0.006
1787468871.122,NO_FACE,0,0,1,0.0000,0.0000,0.0000,0.0000,0.0000,0.0000,0.0000,0.0000,0.0000,0.0000,0,0,0,0.004
1787468871.386,NO_FACE,0,0,1,0.0000,0.0000,0.0000,0.0000,0.0000,0.0000,0.0000,0.0000,0.0000,0.0000,0,0,0,0.006
1787468871.668,NO_FACE,0,0,1,0.0000,0.0000,0.0000,0.0000,0.0000,0.0000,0.0000,0.0000,0.0000,0.0000,0,0,0,0.004
1787468871.936,NO_FACE,0,0,1,0.0000,0.0000,0.0000,0.0000,0.0000,0.0000,0.0000,0.0000,0.0000,0.0000,0,0,0,0.006
1787468872.211,NO_FACE,0,0,1,0.0000,0.0000,0.0000,0.0000,0.0000,0.0000,0.0000,0.0000,0.0000,0.0000,0,0,0,0.006
1787468872.486,NO_FACE,0,0,1,0.0000,0.0000,0.0000,0.0000,0.0000,0.0000,0.0000,0.0000,0.0000,0.0000,0,0,0,0.005
1787468872.774,NO_FACE,0,0,1,0.0000,0.0000,0.0000,0.0000,0.0000,0.0000,0.0000,0.0000,0.0000,0.0000,0,0,0,0.004
1787468873.055,NO_FACE,0,0,1,0.0000,0.0000,0.0000,0.0000,0.0000,0.0000,0.0000,0.0000,0.0000,0.0000,0,0,0,0.006
1787468873.337,NO_FACE,0,0,1,0.0000,0.0000,0.0000,0.0000,0.0000,0.0000,0.0000,0.0000,0.0000,0.0000,0,0,0,0.005
1787468873.614,NO_FACE,0,0,1,0.0000,0.0000,0.0000,0.0000,0.0000,0.0000,0.0000,0.0000,0.0000,0.0000,0,0,0,0.001
1787468873.891,NO_FACE,0,0,1,0.0000,0.0000,0.0000,0.0000,0.0000,0.0000,0.0000,0.0000,0.0000,0.0000,0,0,0,0.004
1787468874.166,NO_FACE,0,0,1,0.0000,0.0000,0.0000,0.0000,0.0000,0.0000,0.0000,0.0000,0.0000,0.0000,0,0,0,0.005
1787468874.450,NO_FACE,0,0,1,0.0000,0.0000,0.0000,0.0000,0.0000,0.0000,0.0000,0.0000,0.0000,0.0000,0,0,0,0.004
1787468874.720,NO_FACE,0,0,1,0.0000,0.0000,0.0000,0.0000,0.0000,0.0000,0.0000,0.0000,0.0000,0.0000,0,0,0,0.004
1787468874.993,NO_FACE,0,0,1,0.0000,0.0000,0.0000,0.0000,0.0000,0.0000,0.0000,0.0000,0.0000,0.0000,0,0,0,0.007
1787468875.266,NO_FACE,0,0,1,0.0000,0.0000,0.0000,0.0000,0.0000,0.0000,0.0000,0.0000,0.0000,0.0000,0,0,0,0.002
1787468875.538,NO_FACE,0,0,1,0.0000,0.0000,0.0000,0.0000,0.0000,0.0000,0.0000,0.0000,0.0000,0.0000,0,0,0,0.005
1787468875.806,NO_FACE,0,0,1,0.0000,0.0000,0.0000,0.0000,0.0000,0.0000,0.0000,0.0000,0.0000,0.0000,0,0,0,0.006
1787468876.080,NO_FACE,0,0,1,0.0000,0.0000,0.0000,0.0000,0.0000,0.0000,0.0000,0.0000,0.0000,0.0000,0,0,0,0.002
1787468876.353,NO_FACE,0,0,1,0.0000,0.0000,0.0000,0.0000,0.0000,0.0000,0.0000,0.0000,0.0000,0.0000,0,0,0,0.006
1787468876.629,NO_FACE,0,0,1,0.0000,0.0000,0.0000,0.0000,0.0000,0.0000,0.0000,0.0000,0.0000,0.0000,0,0,0,0.006
1787468876.914,NO_FACE,0,0,1,0.0000,0.0000,0.0000,0.0000,0.0000,0.0000,0.0000,0.0000,0.0000,0.0000,0,0,0,0.009
1787468877.183,NO_FACE,0,0,1,0.0000,0.0000,0.0000,0.0000,0.0000,0.0000,0.0000,0.0000,0.0000,0.0000,0,0,0,0.006
1787468877.465,NO_FACE,0,0,1,0.0000,0.0000,0.0000,0.0000,0.0000,0.0000,0.0000,0.0000,0.0000,0.0000,0,0,0,0.004
1787468877.747,NO_FACE,0,0,1,0.0000,0.0000,0.0000,0.0000,0.0000,0.0000,0.0000,0.0000,0.0000,0.0000,0,0,0,0.004
1787468878.021,NO_FACE,0,0,1,0.0000,0.0000,0.0000,0.0000,0.0000,0.0000,0.0000,0.0000,0.0000,0.0000,0,0,0,0.005
1787468878.292,NO_FACE,0,0,1,0.0000,0.0000,0.0000,0.0000,0.0000,0.0000,0.0000,0.0000,0.0000,0.0000,0,0,0,0.005
1787468878.570,NO_FACE,0,0,1,0.0000,0.0000,0.0000,0.0000,0.0000,0.0000,0.0000,0.0000,0.0000,0.0000,0,0,0,0.008
1787468878.844,NO_FACE,0,0,1,0.0000,0.0000,0.0000,0.0000,0.0000,0.0000,0.0000,0.0000,0.0000,0.0000,0,0,0,0.006
1787468879.125,NO_FACE,0,0,1,0.0000,0.0000,0.0000,0.0000,0.0000,0.0000,0.0000,0.0000,0.0000,0.0000,0,0,0,0.006
1787468879.406,NO_FACE,0,0,1,0.0000,0.0000,0.0000,0.0000,0.0000,0.0000,0.0000,0.0000,0.0000,0.0000,0,0,0,0.006
1787468879.684,NO_FACE,0,0,1,0.0000,0.0000,0.0000,0.0000,0.0000,0.0000,0.0000,0.0000,0.0000,0.0000,0,0,0,0.005
1787468879.955,NO_FACE,0,0,1,0.0000,0.0000,0.0000,0.0000,0.0000,0.0000,0.0000,0.0000,0.0000,0.0000,0,0,0,0.004
1787468880.220,NO_FACE,0,0,1,0.0000,0.0000,0.0000,0.0000,0.0000,0.0000,0.0000,0.0000,0.0000,0.0000,0,0,0,0.005
1787468880.492,NO_FACE,0,0,1,0.0000,0.0000,0.0000,0.0000,0.0000,0.0000,0.0000,0.0000,0.0000,0.0000,0,0,0,0.006
1787468880.761,NO_FACE,0,0,1,0.0000,0.0000,0.0000,0.0000,0.0000,0.0000,0.0000,0.0000,0.0000,0.0000,0,0,0,0.008
1787468881.035,NO_FACE,0,0,1,0.0000,0.0000,0.0000,0.0000,0.0000,0.0000,0.0000,0.0000,0.0000,0.0000,0,0,0,0.005
1787468881.311,NO_FACE,0,0,1,0.0000,0.0000,0.0000,0.0000,0.0000,0.0000,0.0000,0.0000,0.0000,0.0000,0,0,0,0.005
1787468881.583,NO_FACE,0,0,1,0.0000,0.0000,0.0000,0.0000,0.0000,0.0000,0.0000,0.0000,0.0000,0.0000,0,0,0,0.004
1787468881.857,NO_FACE,0,0,1,0.0000,0.0000,0.0000,0.0000,0.0000,0.0000,0.0000,0.0000,0.0000,0.0000,0,0,0,0.003
1787468882.128,NO_FACE,0,0,1,0.0000,0.0000,0.0000,0.0000,0.0000,0.0000,0.0000,0.0000,0.0000,0.0000,0,0,0,0.007
1787468882.402,NO_FACE,0,0,1,0.0000,0.0000,0.0000,0.0000,0.0000,0.0000,0.0000,0.0000,0.0000,0.0000,0,0,0,0.002
1787468882.684,NO_FACE,0,0,1,0.0000,0.0000,0.0000,0.0000,0.0000,0.0000,0.0000,0.0000,0.0000,0.0000,0,0,0,0.008
1787468882.955,NO_FACE,0,0,1,0.0000,0.0000,0.0000,0.0000,0.0000,0.0000,0.0000,0.0000,0.0000,0.0000,0,0,0,0.008
1787468883.232,NO_FACE,0,0,1,0.0000,0.0000,0.0000,0.0000,0.0000,0.0000,0.0000,0.0000,0.0000,0.0000,0,0,0,0.004
1787468883.509,NO_FACE,0,0,1,0.0000,0.0000,0.0000,0.0000,0.0000,0.0000,0.0000,0.0000,0.0000,0.0000,0,0,0,0.005
1787468883.784,NO_FACE,0,0,1,0.0000,0.0000,0.0000,0.0000,0.0000,0.0000,0.0000,0.0000,0.0000,0.0000,0,0,0,0.007
1787468884.064,NO_FACE,0,0,1,0.0000,0.0000,0.0000,0.0000,0.0000,0.0000,0.0000,0.0000,0.0000,0.0000,0,0,0,0.006
1787468884.341,NO_FACE,0,0,1,0.0000,0.0000,0.0000,0.0000,0.0000,0.0000,0.0000,0.0000,0.0000,0.0000,0,0,0,0.006
1787468884.622,NO_FACE,0,0,1,0.0000,0.0000,0.0000,0.0000,0.0000,0.0000,0.0000,0.0000,0.0000,0.0000,0,0,0,0.003
1787468884.896,NO_FACE,0,0,1,0.0000,0.0000,0.0000,0.0000,0.0000,0.0000,0.0000,0.0000,0.0000,0.0000,0,0,0,0.004
1787468885.164,NO_FACE,0,0,1,0.0000,0.0000,0.0000,0.0000,0.0000,0.0000,0.0000,0.0000,0.0000,0.0000,0,0,0,0.007
1787468885.435,NO_FACE,0,0,1,0.0000,0.0000,0.0000,0.0000,0.0000,0.0000,0.0000,0.0000,0.0000,0.0000,0,0,0,0.003
1787468885.704,NO_FACE,0,0,1,0.0000,0.0000,0.0000,0.0000,0.0000,0.0000,0.0000,0.0000,0.0000,0.0000,0,0,0,0.006
1787468885.977,NO_FACE,0,0,1,0.0000,0.0000,0.0000,0.0000,0.0000,0.0000,0.0000,0.0000,0.0000,0.0000,0,0,0,0.005
1787468886.252,NO_FACE,0,0,1,0.0000,0.0000,0.0000,0.0000,0.0000,0.0000,0.0000,0.0000,0.0000,0.0000,0,0,0,0.005
1787468886.532,NO_FACE,0,0,1,0.0000,0.0000,0.0000,0.0000,0.0000,0.0000,0.0000,0.0000,0.0000,0.0000,0,0,0,0.005
1787468886.808,NO_FACE,0,0,1,0.0000,0.0000,0.0000,0.0000,0.0000,0.0000,0.0000,0.0000,0.0000,0.0000,0,0,0,0.003
1787468887.082,NO_FACE,0,0,1,0.0000,0.0000,0.0000,0.0000,0.0000,0.0000,0.0000,0.0000,0.0000,0.0000,0,0,0,0.003
1787468887.346,NO_FACE,0,0,1,0.0000,0.0000,0.0000,0.0000,0.0000,0.0000,0.0000,0.0000,0.0000,0.0000,0,0,0,0.006
1787468887.616,NO_FACE,0,0,1,0.0000,0.0000,0.0000,0.0000,0.0000,0.0000,0.0000,0.0000,0.0000,0.0000,0,0,0,0.007
1787468887.891,NO_FACE,0,0,1,0.0000,0.0000,0.0000,0.0000,0.0000,0.0000,0.0000,0.0000,0.0000,0.0000,0,0,0,0.006
1787468888.167,NO_FACE,0,0,1,0.0000,0.0000,0.0000,0.0000,0.0000,0.0000,0.0000,0.0000,0.0000,0.0000,0,0,0,0.007
1787468888.438,NO_FACE,0,0,1,0.0000,0.0000,0.0000,0.0000,0.0000,0.0000,0.0000,0.0000,0.0000,0.0000,0,0,0,0.007
1787468888.709,NO_FACE,0,0,1,0.0000,0.0000,0.0000,0.0000,0.0000,0.0000,0.0000,0.0000,0.0000,0.0000,0,0,0,0.005
1787468888.983,NO_FACE,0,0,1,0.0000,0.0000,0.0000,0.0000,0.0000,0.0000,0.0000,0.0000,0.0000,0.0000,0,0,0,0.004
1787468889.254,NO_FACE,0,0,1,0.0000,0.0000,0.0000,0.0000,0.0000,0.0000,0.0000,0.0000,0.0000,0.0000,0,0,0,0.001
1787468889.524,NO_FACE,0,0,1,0.0000,0.0000,0.0000,0.0000,0.0000,0.0000,0.0000,0.0000,0.0000,0.0000,0,0,0,0.001
1787468889.798,NO_FACE,0,0,1,0.0000,0.0000,0.0000,0.0000,0.0000,0.0000,0.0000,0.0000,0.0000,0.0000,0,0,0,0.005
1787468890.068,NO_FACE,0,0,1,0.0000,0.0000,0.0000,0.0000,0.0000,0.0000,0.0000,0.0000,0.0000,0.0000,0,0,0,0.004
1787468890.344,NO_FACE,0,0,1,0.0000,0.0000,0.0000,0.0000,0.0000,0.0000,0.0000,0.0000,0.0000,0.0000,0,0,0,0.004
1787468890.617,NO_FACE,0,0,1,0.0000,0.0000,0.0000,0.0000,0.0000,0.0000,0.0000,0.0000,0.0000,0.0000,0,0,0,0.004
1787468890.885,NO_FACE,0,0,1,0.0000,0.0000,0.0000,0.0000,0.0000,0.0000,0.0000,0.0000,0.0000,0.0000,0,0,0,0.004
1787468891.160,NO_FACE,0,0,1,0.0000,0.0000,0.0000,0.0000,0.0000,0.0000,0.0000,0.0000,0.0000,0.0000,0,0,0,0.007
1787468891.438,NO_FACE,0,0,1,0.0000,0.0000,0.0000,0.0000,0.0000,0.0000,0.0000,0.0000,0.0000,0.0000,0,0,0,0.005
1787468891.716,NO_FACE,0,0,1,0.0000,0.0000,0.0000,0.0000,0.0000,0.0000,0.0000,0.0000,0.0000,0.0000,0,0,0,0.004
1787468891.987,NO_FACE,0,0,1,0.0000,0.0000,0.0000,0.0000,0.0000,0.0000,0.0000,0.0000,0.0000,0.0000,0,0,0,0.004
1787468892.256,NO_FACE,0,0,1,0.0000,0.0000,0.0000,0.0000,0.0000,0.0000,0.0000,0.0000,0.0000,0.0000,0,0,0,0.004
1787468892.530,NO_FACE,0,0,1,0.0000,0.0000,0.0000,0.0000,0.0000,0.0000,0.0000,0.0000,0.0000,0.0000,0,0,0,0.005
1787468892.806,NO_FACE,0,0,1,0.0000,0.0000,0.0000,0.0000,0.0000,0.0000,0.0000,0.0000,0.0000,0.0000,0,0,0,0.007
1787468893.082,NO_FACE,0,0,1,0.0000,0.0000,0.0000,0.0000,0.0000,0.0000,0.0000,0.0000,0.0000,0.0000,0,0,0,0.006
1787468893.358,NO_FACE,0,0,1,0.0000,0.0000,0.0000,0.0000,0.0000,0.0000,0.0000,0.0000,0.0000,0.0000,0,0,0,0.004
1787468893.633,NO_FACE,0,0,1,0.0000,0.0000,0.0000,0.0000,0.0000,0.0000,0.0000,0.0000,0.0000,0.0000,0,0,0,0.004
1787468893.925,NO_FACE,0,0,1,0.0000,0.0000,0.0000,0.0000,0.0000,0.0000,0.0000,0.0000,0.0000,0.0000,0,0,0,0.007
1787468894.191,NO_FACE,0,0,1,0.0000,0.0000,0.0000,0.0000,0.0000,0.0000,0.0000,0.0000,0.0000,0.0000,0,0,0,0.005
1787468894.465,NO_FACE,0,0,1,0.0000,0.0000,0.0000,0.0000,0.0000,0.0000,0.0000,0.0000,0.0000,0.0000,0,0,0,0.006
1787468894.751,NO_FACE,0,0,1,0.0000,0.0000,0.0000,0.0000,0.0000,0.0000,0.0000,0.0000,0.0000,0.0000,0,0,0,0.004
1787468895.027,NO_FACE,0,0,1,0.0000,0.0000,0.0000,0.0000,0.0000,0.0000,0.0000,0.0000,0.0000,0.0000,0,0,0,0.007
1787468895.311,NO_FACE,0,0,1,0.0000,0.0000,0.0000,0.0000,0.0000,0.0000,0.0000,0.0000,0.0000,0.0000,0,0,0,0.004
1787468895.585,NO_FACE,0,0,1,0.0000,0.0000,0.0000,0.0000,0.0000,0.0000,0.0000,0.0000,0.0000,0.0000,0,0,0,0.004
1787468895.855,NO_FACE,0,0,1,0.0000,0.0000,0.0000,0.0000,0.0000,0.0000,0.0000,0.0000,0.0000,0.0000,0,0,0,0.003
1787468896.126,NO_FACE,0,0,1,0.0000,0.0000,0.0000,0.0000,0.0000,0.0000,0.0000,0.0000,0.0000,0.0000,0,0,0,0.003
1787468896.392,NO_FACE,0,0,1,0.0000,0.0000,0.0000,0.0000,0.0000,0.0000,0.0000,0.0000,0.0000,0.0000,0,0,0,0.003
1787468896.663,NO_FACE,0,0,1,0.0000,0.0000,0.0000,0.0000,0.0000,0.0000,0.0000,0.0000,0.0000,0.0000,0,0,0,0.005
1787468896.939,NO_FACE,0,0,1,0.0000,0.0000,0.0000,0.0000,0.0000,0.0000,0.0000,0.0000,0.0000,0.0000,0,0,0,0.006
1787468897.223,NO_FACE,0,0,1,0.0000,0.0000,0.0000,0.0000,0.0000,0.0000,0.0000,0.0000,0.0000,0.0000,0,0,0,0.007
1787468897.493,NO_FACE,0,0,1,0.0000,0.0000,0.0000,0.0000,0.0000,0.0000,0.0000,0.0000,0.0000,0.0000,0,0,0,0.006
1787468897.768,NO_FACE,0,0,1,0.0000,0.0000,0.0000,0.0000,0.0000,0.0000,0.0000,0.0000,0.0000,0.0000,0,0,0,0.004
1787468898.039,NO_FACE,0,0,1,0.0000,0.0000,0.0000,0.0000,0.0000,0.0000,0.0000,0.0000,0.0000,0.0000,0,0,0,0.003
1787468898.315,NO_FACE,0,0,1,0.0000,0.0000,0.0000,0.0000,0.0000,0.0000,0.0000,0.0000,0.0000,0.0000,0,0,0,0.004
1787468898.591,NO_FACE,0,0,1,0.0000,0.0000,0.0000,0.0000,0.0000,0.0000,0.0000,0.0000,0.0000,0.0000,0,0,0,0.003
1787468898.872,NO_FACE,0,0,1,0.0000,0.0000,0.0000,0.0000,0.0000,0.0000,0.0000,0.0000,0.0000,0.0000,0,0,0,0.003
1787468899.141,NO_FACE,0,0,1,0.0000,0.0000,0.0000,0.0000,0.0000,0.0000,0.0000,0.0000,0.0000,0.0000,0,0,0,0.008
1787468899.409,NO_FACE,0,0,1,0.0000,0.0000,0.0000,0.0000,0.0000,0.0000,0.0000,0.0000,0.0000,0.0000,0,0,0,0.004
1787468899.684,NO_FACE,0,0,1,0.0000,0.0000,0.0000,0.0000,0.0000,0.0000,0.0000,0.0000,0.0000,0.0000,0,0,0,0.007
1787468899.956,NO_FACE,0,0,1,0.0000,0.0000,0.0000,0.0000,0.0000,0.0000,0.0000,0.0000,0.0000,0.0000,0,0,0,0.003
1787468900.225,NO_FACE,0,0,1,0.0000,0.0000,0.0000,0.0000,0.0000,0.0000,0.0000,0.0000,0.0000,0.0000,0,0,0,0.009
1787468900.498,NO_FACE,0,0,1,0.0000,0.0000,0.0000,0.0000,0.0000,0.0000,0.0000,0.0000,0.0000,0.0000,0,0,0,0.009
1787468900.765,NO_FACE,0,0,1,0.0000,0.0000,0.0000,0.0000,0.0000,0.0000,0.0000,0.0000,0.0000,0.0000,0,0,0,0.002
1787468901.041,NO_FACE,0,0,1,0.0000,0.0000,0.0000,0.0000,0.0000,0.0000,0.0000,0.0000,0.0000,0.0000,0,0,0,0.004
1787468901.315,NO_FACE,0,0,1,0.0000,0.0000,0.0000,0.0000,0.0000,0.0000,0.0000,0.0000,0.0000,0.0000,0,0,0,0.004
1787468901.592,NO_FACE,0,0,1,0.0000,0.0000,0.0000,0.0000,0.0000,0.0000,0.0000,0.0000,0.0000,0.0000,0,0,0,0.006
1787468901.862,NO_FACE,0,0,1,0.0000,0.0000,0.0000,0.0000,0.0000,0.0000,0.0000,0.0000,0.0000,0.0000,0,0,0,0.004
1787468902.142,NO_FACE,0,0,1,0.0000,0.0000,0.0000,0.0000,0.0000,0.0000,0.0000,0.0000,0.0000,0.0000,0,0,0,0.004
1787468902.420,NO_FACE,0,0,1,0.0000,0.0000,0.0000,0.0000,0.0000,0.0000,0.0000,0.0000,0.0000,0.0000,0,0,0,0.007
1787468902.692,NO_FACE,0,0,1,0.0000,0.0000,0.0000,0.0000,0.0000,0.0000,0.0000,0.0000,0.0000,0.0000,0,0,0,0.004
1787468902.964,NO_FACE,0,0,1,0.0000,0.0000,0.0000,0.0000,0.0000,0.0000,0.0000,0.0000,0.0000,0.0000,0,0,0,0.004
1787468903.235,NO_FACE,0,0,1,0.0000,0.0000,0.0000,0.0000,0.0000,0.0000,0.0000,0.0000,0.0000,0.0000,0,0,0,0.007
1787468903.514,NO_FACE,0,0,1,0.0000,0.0000,0.0000,0.0000,0.0000,0.0000,0.0000,0.0000,0.0000,0.0000,0,0,0,0.006
1787468903.789,NO_FACE,0,0,1,0.0000,0.0000,0.0000,0.0000,0.0000,0.0000,0.0000,0.0000,0.0000,0.0000,0,0,0,0.004
1787468904.069,NO_FACE,0,0,1,0.0000,0.0000,0.0000,0.0000,0.0000,0.0000,0.0000,0.0000,0.0000,0.0000,0,0,0,0.004
1787468904.347,NO_FACE,0,0,1,0.0000,0.0000,0.0000,0.0000,0.0000,0.0000,0.0000,0.0000,0.0000,0.0000,0,0,0,0.004
1787468904.625,NO_FACE,0,0,1,0.0000,0.0000,0.0000,0.0000,0.0000,0.0000,0.0000,0.0000,0.0000,0.0000,0,0,0,0.004
1787468904.897,NO_FACE,0,0,1,0.0000,0.0000,0.0000,0.0000,0.0000,0.0000,0.0000,0.0000,0.0000,0.0000,0,0,0,0.002
1787468905.170,NO_FACE,0,0,1,0.0000,0.0000,0.0000,0.0000,0.0000,0.0000,0.0000,0.0000,0.0000,0.0000,0,0,0,0.006
1787468905.451,NO_FACE,0,0,1,0.0000,0.0000,0.0000,0.0000,0.0000,0.0000,0.0000,0.0000,0.0000,0.0000,0,0,0,0.006
1787468905.717,NO_FACE,0,0,1,0.0000,0.0000,0.0000,0.0000,0.0000,0.0000,0.0000,0.0000,0.0000,0.0000,0,0,0,0.004
1787468905.984,NO_FACE,0,0,1,0.0000,0.0000,0.0000,0.0000,0.0000,0.0000,0.0000,0.0000,0.0000,0.0000,0,0,0,0.006
1787468906.258,NO_FACE,0,0,1,0.0000,0.0000,0.0000,0.0000,0.0000,0.0000,0.0000,0.0000,0.0000,0.0000,0,0,0,0.005
1787468906.528,NO_FACE,0,0,1,0.0000,0.0000,0.0000,0.0000,0.0000,0.0000,0.0000,0.0000,0.0000,0.0000,0,0,0,0.004
1787468906.797,NO_FACE,0,0,1,0.0000,0.0000,0.0000,0.0000,0.0000,0.0000,0.0000,0.0000,0.0000,0.0000,0,0,0,0.004
1787468907.070,NO_FACE,0,0,1,0.0000,0.0000,0.0000,0.0000,0.0000,0.0000,0.0000,0.0000,0.0000,0.0000,0,0,0,0.002
1787468907.342,NO_FACE,0,0,1,0.0000,0.0000,0.0000,0.0000,0.0000,0.0000,0.0000,0.0000,0.0000,0.0000,0,0,0,0.005
1787468907.624,NO_FACE,0,0,1,0.0000,0.0000,0.0000,0.0000,0.0000,0.0000,0.0000,0.0000,0.0000,0.0000,0,0,0,0.005
1787468907.899,NO_FACE,0,0,1,0.0000,0.0000,0.0000,0.0000,0.0000,0.0000,0.0000,0.0000,0.0000,0.0000,0,0,0,0.004
1787468908.178,NO_FACE,0,0,1,0.0000,0.0000,0.0000,0.0000,0.0000,0.0000,0.0000,0.0000,0.0000,0.0000,0,0,0,0.007
1787468908.447,NO_FACE,0,0,1,0.0000,0.0000,0.0000,0.0000,0.0000,0.0000,0.0000,0.0000,0.0000,0.0000,0,0,0,0.008
1787468908.719,NO_FACE,0,0,1,0.0000,0.0000,0.0000,0.0000,0.0000,0.0000,0.0000,0.0000,0.0000,0.0000,0,0,0,0.004
1787468908.993,NO_FACE,0,0,1,0.0000,0.0000,0.0000,0.0000,0.0000,0.0000,0.0000,0.0000,0.0000,0.0000,0,0,0,0.005
1787468909.259,NO_FACE,0,0,1,0.0000,0.0000,0.0000,0.0000,0.0000,0.0000,0.0000,0.0000,0.0000,0.0000,0,0,0,0.004
1787468909.534,NO_FACE,0,0,1,0.0000,0.0000,0.0000,0.0000,0.0000,0.0000,0.0000,0.0000,0.0000,0.0000,0,0,0,0.005
1787468909.811,NO_FACE,0,0,1,0.0000,0.0000,0.0000,0.0000,0.0000,0.0000,0.0000,0.0000,0.0000,0.0000,0,0,0,0.004
1787468910.088,NO_FACE,0,0,1,0.0000,0.0000,0.0000,0.0000,0.0000,0.0000,0.0000,0.0000,0.0000,0.0000,0,0,0,0.005
1787468910.367,NO_FACE,0,0,1,0.0000,0.0000,0.0000,0.0000,0.0000,0.0000,0.0000,0.0000,0.0000,0.0000,0,0,0,0.008
1787468910.638,NO_FACE,0,0,1,0.0000,0.0000,0.0000,0.0000,0.0000,0.0000,0.0000,0.0000,0.0000,0.0000,0,0,0,0.008
1787468910.915,NO_FACE,0,0,1,0.0000,0.0000,0.0000,0.0000,0.0000,0.0000,0.0000,0.0000,0.0000,0.0000,0,0,0,0.005
1787468911.190,NO_FACE,0,0,1,0.0000,0.0000,0.0000,0.0000,0.0000,0.0000,0.0000,0.0000,0.0000,0.0000,0,0,0,0.005
1787468911.462,NO_FACE,0,0,1,0.0000,0.0000,0.0000,0.0000,0.0000,0.0000,0.0000,0.0000,0.0000,0.0000,0,0,0,0.008
1787468911.732,NO_FACE,0,0,1,0.0000,0.0000,0.0000,0.0000,0.0000,0.0000,0.0000,0.0000,0.0000,0.0000,0,0,0,0.007
1787468912.015,NO_FACE,0,0,1,0.0000,0.0000,0.0000,0.0000,0.0000,0.0000,0.0000,0.0000,0.0000,0.0000,0,0,0,0.007
1787468912.285,NO_FACE,0,0,1,0.0000,0.0000,0.0000,0.0000,0.0000,0.0000,0.0000,0.0000,0.0000,0.0000,0,0,0,0.004
1787468912.558,NO_FACE,0,0,1,0.0000,0.0000,0.0000,0.0000,0.0000,0.0000,0.0000,0.0000,0.0000,0.0000,0,0,0,0.006
1787468912.825,NO_FACE,0,0,1,0.0000,0.0000,0.0000,0.0000,0.0000,0.0000,0.0000,0.0000,0.0000,0.0000,0,0,0,0.008
1787468913.105,NO_FACE,0,0,1,0.0000,0.0000,0.0000,0.0000,0.0000,0.0000,0.0000,0.0000,0.0000,0.0000,0,0,0,0.005
1787468913.380,NO_FACE,0,0,1,0.0000,0.0000,0.0000,0.0000,0.0000,0.0000,0.0000,0.0000,0.0000,0.0000,0,0,0,0.006
1787468913.655,NO_FACE,0,0,1,0.0000,0.0000,0.0000,0.0000,0.0000,0.0000,0.0000,0.0000,0.0000,0.0000,0,0,0,0.004
1787468913.939,NO_FACE,0,0,1,0.0000,0.0000,0.0000,0.0000,0.0000,0.0000,0.0000,0.0000,0.0000,0.0000,0,0,0,0.004
1787468914.219,NO_FACE,0,0,1,0.0000,0.0000,0.0000,0.0000,0.0000,0.0000,0.0000,0.0000,0.0000,0.0000,0,0,0,0.005
1787468914.498,NO_FACE,0,0,1,0.0000,0.0000,0.0000,0.0000,0.0000,0.0000,0.0000,0.0000,0.0000,0.0000,0,0,0,0.005
1787468914.772,NO_FACE,0,0,1,0.0000,0.0000,0.0000,0.0000,0.0000,0.0000,0.0000,0.0000,0.0000,0.0000,0,0,0,0.007
1787468915.062,NO_FACE,0,0,1,0.0000,0.0000,0.0000,0.0000,0.0000,0.0000,0.0000,0.0000,0.0000,0.0000,0,0,0,0.006
1787468915.351,NO_FACE,0,0,1,0.0000,0.0000,0.0000,0.0000,0.0000,0.0000,0.0000,0.0000,0.0000,0.0000,0,0,0,0.005
1787468915.625,NO_FACE,0,0,1,0.0000,0.0000,0.0000,0.0000,0.0000,0.0000,0.0000,0.0000,0.0000,0.0000,0,0,0,0.005
1787468915.908,NO_FACE,0,0,1,0.0000,0.0000,0.0000,0.0000,0.0000,0.0000,0.0000,0.0000,0.0000,0.0000,0,0,0,0.004
1787468916.184,NO_FACE,0,0,1,0.0000,0.0000,0.0000,0.0000,0.0000,0.0000,0.0000,0.0000,0.0000,0.0000,0,0,0,0.005
1787468916.468,NO_FACE,0,0,1,0.0000,0.0000,0.0000,0.0000,0.0000,0.0000,0.0000,0.0000,0.0000,0.0000,0,0,0,0.006
1787468916.763,NO_FACE,0,0,1,0.0000,0.0000,0.0000,0.0000,0.0000,0.0000,0.0000,0.0000,0.0000,0.0000,0,0,0,0.006
1787468917.064,NO_FACE,0,0,1,0.0000,0.0000,0.0000,0.0000,0.0000,0.0000,0.0000,0.0000,0.0000,0.0000,0,0,0,0.006
1787468917.343,NO_FACE,0,0,1,0.0000,0.0000,0.0000,0.0000,0.0000,0.0000,0.0000,0.0000,0.0000,0.0000,0,0,0,0.003
1787468917.613,NO_FACE,0,0,1,0.0000,0.0000,0.0000,0.0000,0.0000,0.0000,0.0000,0.0000,0.0000,0.0000,0,0,0,0.005
1787468917.888,NO_FACE,0,0,1,0.0000,0.0000,0.0000,0.0000,0.0000,0.0000,0.0000,0.0000,0.0000,0.0000,0,0,0,0.008
1787468918.160,NO_FACE,0,0,1,0.0000,0.0000,0.0000,0.0000,0.0000,0.0000,0.0000,0.0000,0.0000,0.0000,0,0,0,0.005
1787468918.436,NO_FACE,0,0,1,0.0000,0.0000,0.0000,0.0000,0.0000,0.0000,0.0000,0.0000,0.0000,0.0000,0,0,0,0.005
1787468918.728,NO_FACE,0,0,1,0.0000,0.0000,0.0000,0.0000,0.0000,0.0000,0.0000,0.0000,0.0000,0.0000,0,0,0,0.003
1787468919.003,NO_FACE,0,0,1,0.0000,0.0000,0.0000,0.0000,0.0000,0.0000,0.0000,0.0000,0.0000,0.0000,0,0,0,0.004
1787468919.288,NO_FACE,0,0,1,0.0000,0.0000,0.0000,0.0000,0.0000,0.0000,0.0000,0.0000,0.0000,0.0000,0,0,0,0.006
1787468919.561,NO_FACE,0,0,1,0.0000,0.0000,0.0000,0.0000,0.0000,0.0000,0.0000,0.0000,0.0000,0.0000,0,0,0,0.002
1787468919.845,NO_FACE,0,0,1,0.0000,0.0000,0.0000,0.0000,0.0000,0.0000,0.0000,0.0000,0.0000,0.0000,0,0,0,0.004
1787468920.120,NO_FACE,0,0,1,0.0000,0.0000,0.0000,0.0000,0.0000,0.0000,0.0000,0.0000,0.0000,0.0000,0,0,0,0.005
1787468920.402,NO_FACE,0,0,1,0.0000,0.0000,0.0000,0.0000,0.0000,0.0000,0.0000,0.0000,0.0000,0.0000,0,0,0,0.004
1787468920.685,NO_FACE,0,0,1,0.0000,0.0000,0.0000,0.0000,0.0000,0.0000,0.0000,0.0000,0.0000,0.0000,0,0,0,0.006
1787468920.978,NO_FACE,0,0,1,0.0000,0.0000,0.0000,0.0000,0.0000,0.0000,0.0000,0.0000,0.0000,0.0000,0,0,0,0.006
1787468921.253,NO_FACE,0,0,1,0.0000,0.0000,0.0000,0.0000,0.0000,0.0000,0.0000,0.0000,0.0000,0.0000,0,0,0,0.006
1787468921.529,NO_FACE,0,0,1,0.0000,0.0000,0.0000,0.0000,0.0000,0.0000,0.0000,0.0000,0.0000,0.0000,0,0,0,0.005
1787468921.809,NO_FACE,0,0,1,0.0000,0.0000,0.0000,0.0000,0.0000,0.0000,0.0000,0.0000,0.0000,0.0000,0,0,0,0.007
1787468922.087,NO_FACE,0,0,1,0.0000,0.0000,0.0000,0.0000,0.0000,0.0000,0.0000,0.0000,0.0000,0.0000,0,0,0,0.004
1787468922.378,NO_FACE,0,0,1,0.0000,0.0000,0.0000,0.0000,0.0000,0.0000,0.0000,0.0000,0.0000,0.0000,0,0,0,0.004
1787468922.645,NO_FACE,0,0,1,0.0000,0.0000,0.0000,0.0000,0.0000,0.0000,0.0000,0.0000,0.0000,0.0000,0,0,0,0.007
1787468922.933,NO_FACE,0,0,1,0.0000,0.0000,0.0000,0.0000,0.0000,0.0000,0.0000,0.0000,0.0000,0.0000,0,0,0,0.004
1787468923.211,NO_FACE,0,0,1,0.0000,0.0000,0.0000,0.0000,0.0000,0.0000,0.0000,0.0000,0.0000,0.0000,0,0,0,0.005
1787468923.494,NO_FACE,0,0,1,0.0000,0.0000,0.0000,0.0000,0.0000,0.0000,0.0000,0.0000,0.0000,0.0000,0,0,0,0.008
1787468923.771,NO_FACE,0,0,1,0.0000,0.0000,0.0000,0.0000,0.0000,0.0000,0.0000,0.0000,0.0000,0.0000,0,0,0,0.007
1787468924.047,NO_FACE,0,0,1,0.0000,0.0000,0.0000,0.0000,0.0000,0.0000,0.0000,0.0000,0.0000,0.0000,0,0,0,0.007
1787468924.330,NO_FACE,0,0,1,0.0000,0.0000,0.0000,0.0000,0.0000,0.0000,0.0000,0.0000,0.0000,0.0000,0,0,0,0.006
1787468924.613,NO_FACE,0,0,1,0.0000,0.0000,0.0000,0.0000,0.0000,0.0000,0.0000,0.0000,0.0000,0.0000,0,0,0,0.004
1787468924.898,NO_FACE,0,0,1,0.0000,0.0000,0.0000,0.0000,0.0000,0.0000,0.0000,0.0000,0.0000,0.0000,0,0,0,0.005
1787468925.186,NO_FACE,0,0,1,0.0000,0.0000,0.0000,0.0000,0.0000,0.0000,0.0000,0.0000,0.0000,0.0000,0,0,0,0.005
1787468925.459,NO_FACE,0,0,1,0.0000,0.0000,0.0000,0.0000,0.0000,0.0000,0.0000,0.0000,0.0000,0.0000,0,0,0,0.006
1787468925.743,NO_FACE,0,0,1,0.0000,0.0000,0.0000,0.0000,0.0000,0.0000,0.0000,0.0000,0.0000,0.0000,0,0,0,0.006
1787468926.028,NO_FACE,0,0,1,0.0000,0.0000,0.0000,0.0000,0.0000,0.0000,0.0000,0.0000,0.0000,0.0000,0,0,0,0.006
1787468926.306,NO_FACE,0,0,1,0.0000,0.0000,0.0000,0.0000,0.0000,0.0000,0.0000,0.0000,0.0000,0.0000,0,0,0,0.004
1787468926.574,NO_FACE,0,0,1,0.0000,0.0000,0.0000,0.0000,0.0000,0.0000,0.0000,0.0000,0.0000,0.0000,0,0,0,0.003
1787468926.844,NO_FACE,0,0,1,0.0000,0.0000,0.0000,0.0000,0.0000,0.0000,0.0000,0.0000,0.0000,0.0000,0,0,0,0.004
1787468927.115,NO_FACE,0,0,1,0.0000,0.0000,0.0000,0.0000,0.0000,0.0000,0.0000,0.0000,0.0000,0.0000,0,0,0,0.007
1787468927.389,NO_FACE,0,0,1,0.0000,0.0000,0.0000,0.0000,0.0000,0.0000,0.0000,0.0000,0.0000,0.0000,0,0,0,0.002
1787468927.668,NO_FACE,0,0,1,0.0000,0.0000,0.0000,0.0000,0.0000,0.0000,0.0000,0.0000,0.0000,0.0000,0,0,0,0.004
1787468927.948,NO_FACE,0,0,1,0.0000,0.0000,0.0000,0.0000,0.0000,0.0000,0.0000,0.0000,0.0000,0.0000,0,0,0,0.002
1787468928.216,NO_FACE,0,0,1,0.0000,0.0000,0.0000,0.0000,0.0000,0.0000,0.0000,0.0000,0.0000,0.0000,0,0,0,0.004
1787468928.491,NO_FACE,0,0,1,0.0000,0.0000,0.0000,0.0000,0.0000,0.0000,0.0000,0.0000,0.0000,0.0000,0,0,0,0.003
1787468928.763,NO_FACE,0,0,1,0.0000,0.0000,0.0000,0.0000,0.0000,0.0000,0.0000,0.0000,0.0000,0.0000,0,0,0,0.005
1787468929.033,NO_FACE,0,0,1,0.0000,0.0000,0.0000,0.0000,0.0000,0.0000,0.0000,0.0000,0.0000,0.0000,0,0,0,0.004
1787468929.314,NO_FACE,0,0,1,0.0000,0.0000,0.0000,0.0000,0.0000,0.0000,0.0000,0.0000,0.0000,0.0000,0,0,0,0.008
1787468929.585,NO_FACE,0,0,1,0.0000,0.0000,0.0000,0.0000,0.0000,0.0000,0.0000,0.0000,0.0000,0.0000,0,0,0,0.005
1787468929.869,NO_FACE,0,0,1,0.0000,0.0000,0.0000,0.0000,0.0000,0.0000,0.0000,0.0000,0.0000,0.0000,0,0,0,0.002
1787468930.146,NO_FACE,0,0,1,0.0000,0.0000,0.0000,0.0000,0.0000,0.0000,0.0000,0.0000,0.0000,0.0000,0,0,0,0.005
1787468930.421,NO_FACE,0,0,1,0.0000,0.0000,0.0000,0.0000,0.0000,0.0000,0.0000,0.0000,0.0000,0.0000,0,0,0,0.006
1787468930.708,NO_FACE,0,0,1,0.0000,0.0000,0.0000,0.0000,0.0000,0.0000,0.0000,0.0000,0.0000,0.0000,0,0,0,0.005
1787468930.980,NO_FACE,0,0,1,0.0000,0.0000,0.0000,0.0000,0.0000,0.0000,0.0000,0.0000,0.0000,0.0000,0,0,0,0.005
1787468931.258,NO_FACE,0,0,1,0.0000,0.0000,0.0000,0.0000,0.0000,0.0000,0.0000,0.0000,0.0000,0.0000,0,0,0,0.005
1787468931.541,NO_FACE,0,0,1,0.0000,0.0000,0.0000,0.0000,0.0000,0.0000,0.0000,0.0000,0.0000,0.0000,0,0,0,0.002
1787468931.819,NO_FACE,0,0,1,0.0000,0.0000,0.0000,0.0000,0.0000,0.0000,0.0000,0.0000,0.0000,0.0000,0,0,0,0.004
1787468932.095,NO_FACE,0,0,1,0.0000,0.0000,0.0000,0.0000,0.0000,0.0000,0.0000,0.0000,0.0000,0.0000,0,0,0,0.005
1787468932.388,NO_FACE,0,0,1,0.0000,0.0000,0.0000,0.0000,0.0000,0.0000,0.0000,0.0000,0.0000,0.0000,0,0,0,0.005
1787468932.676,NO_FACE,0,0,1,0.0000,0.0000,0.0000,0.0000,0.0000,0.0000,0.0000,0.0000,0.0000,0.0000,0,0,0,0.005
1787468932.954,NO_FACE,0,0,1,0.0000,0.0000,0.0000,0.0000,0.0000,0.0000,0.0000,0.0000,0.0000,0.0000,0,0,0,0.004
1787468933.225,NO_FACE,0,0,1,0.0000,0.0000,0.0000,0.0000,0.0000,0.0000,0.0000,0.0000,0.0000,0.0000,0,0,0,0.004
1787468933.515,NO_FACE,0,0,1,0.0000,0.0000,0.0000,0.0000,0.0000,0.0000,0.0000,0.0000,0.0000,0.0000,0,0,0,0.007
1787468933.796,NO_FACE,0,0,1,0.0000,0.0000,0.0000,0.0000,0.0000,0.0000,0.0000,0.0000,0.0000,0.0000,0,0,0,0.004
1787468934.079,NO_FACE,0,0,1,0.0000,0.0000,0.0000,0.0000,0.0000,0.0000,0.0000,0.0000,0.0000,0.0000,0,0,0,0.004
1787468934.365,NO_FACE,0,0,1,0.0000,0.0000,0.0000,0.0000,0.0000,0.0000,0.0000,0.0000,0.0000,0.0000,0,0,0,0.004
